{
"meta":{"test_sets":[],"test_metrics":[],"learn_metrics":[{"best_value":"Min","name":"MultiClass"}],"launch_mode":"Train","parameters":"","iteration_count":1000,"learn_sets":["learn"],"name":"experiment"},
"iterations":[
{"learn":[1.09293487],"iteration":0,"passed_time":0.02367888112,"remaining_time":23.65520224},
{"learn":[1.088138725],"iteration":1,"passed_time":0.04736169246,"remaining_time":23.63348454},
{"learn":[1.083090458],"iteration":2,"passed_time":0.07112304253,"remaining_time":23.6365578},
{"learn":[1.079364599],"iteration":3,"passed_time":0.09494905593,"remaining_time":23.64231493},
{"learn":[1.075732735],"iteration":4,"passed_time":0.1145169619,"remaining_time":22.78887542},
{"learn":[1.071511973],"iteration":5,"passed_time":0.1371469572,"remaining_time":22.72067923},
{"learn":[1.068262377],"iteration":6,"passed_time":0.1607828672,"remaining_time":22.80819816},
{"learn":[1.065424308],"iteration":7,"passed_time":0.1852504007,"remaining_time":22.97104969},
{"learn":[1.062508552],"iteration":8,"passed_time":0.2057039585,"remaining_time":22.65029143},
{"learn":[1.059133721],"iteration":9,"passed_time":0.2267698615,"remaining_time":22.45021629},
{"learn":[1.056335063],"iteration":10,"passed_time":0.2496198281,"remaining_time":22.44309182},
{"learn":[1.054219131],"iteration":11,"passed_time":0.2692653839,"remaining_time":22.16951661},
{"learn":[1.052134951],"iteration":12,"passed_time":0.2887577918,"remaining_time":21.92338004},
{"learn":[1.049451415],"iteration":13,"passed_time":0.3145767832,"remaining_time":22.15519345},
{"learn":[1.046618105],"iteration":14,"passed_time":0.3417803931,"remaining_time":22.44357915},
{"learn":[1.044302928],"iteration":15,"passed_time":0.3668157227,"remaining_time":22.55916695},
{"learn":[1.041998697],"iteration":16,"passed_time":0.3895963325,"remaining_time":22.52783499},
{"learn":[1.040020533],"iteration":17,"passed_time":0.4197753098,"remaining_time":22.90107523},
{"learn":[1.037972199],"iteration":18,"passed_time":0.4469891874,"remaining_time":23.07875752},
{"learn":[1.035681061],"iteration":19,"passed_time":0.471862006,"remaining_time":23.1212383},
{"learn":[1.033837488],"iteration":20,"passed_time":0.4931680797,"remaining_time":22.99102619},
{"learn":[1.032366079],"iteration":21,"passed_time":0.5131240324,"remaining_time":22.81069562},
{"learn":[1.031385917],"iteration":22,"passed_time":0.5347606819,"remaining_time":22.71570375},
{"learn":[1.029802373],"iteration":23,"passed_time":0.5533227384,"remaining_time":22.50179136},
{"learn":[1.028172176],"iteration":24,"passed_time":0.5736743215,"remaining_time":22.37329854},
{"learn":[1.026578486],"iteration":25,"passed_time":0.5939185925,"remaining_time":22.2491042},
{"learn":[1.024839889],"iteration":26,"passed_time":0.6148294231,"remaining_time":22.15663069},
{"learn":[1.022901613],"iteration":27,"passed_time":0.6363059736,"remaining_time":22.08890737},
{"learn":[1.019932403],"iteration":28,"passed_time":0.6560527454,"remaining_time":21.96645572},
{"learn":[1.018214773],"iteration":29,"passed_time":0.6780222821,"remaining_time":21.92272046},
{"learn":[1.016790435],"iteration":30,"passed_time":0.7011221242,"remaining_time":21.91572059},
{"learn":[1.015545765],"iteration":31,"passed_time":0.7220908172,"remaining_time":21.84324722},
{"learn":[1.013548385],"iteration":32,"passed_time":0.7446314276,"remaining_time":21.81995729},
{"learn":[1.011639761],"iteration":33,"passed_time":0.7678833619,"remaining_time":21.8169214},
{"learn":[1.009424714],"iteration":34,"passed_time":0.8024924156,"remaining_time":22.12586232},
{"learn":[1.00836221],"iteration":35,"passed_time":0.8302664046,"remaining_time":22.23268928},
{"learn":[1.006570897],"iteration":36,"passed_time":0.8568458486,"remaining_time":22.30115006},
{"learn":[1.003524387],"iteration":37,"passed_time":0.9021336716,"remaining_time":22.83822611},
{"learn":[1.00181253],"iteration":38,"passed_time":0.9252128169,"remaining_time":22.79819274},
{"learn":[0.9996394268],"iteration":39,"passed_time":0.9498976487,"remaining_time":22.79754357},
{"learn":[0.9982074218],"iteration":40,"passed_time":0.9673913438,"remaining_time":22.62751948},
{"learn":[0.9975082753],"iteration":41,"passed_time":0.9896184158,"remaining_time":22.57272482},
{"learn":[0.9952423556],"iteration":42,"passed_time":1.010884514,"remaining_time":22.49805767},
{"learn":[0.9939497433],"iteration":43,"passed_time":1.029665175,"remaining_time":22.37181608},
{"learn":[0.9921564328],"iteration":44,"passed_time":1.054427942,"remaining_time":22.37730411},
{"learn":[0.9908723805],"iteration":45,"passed_time":1.08139292,"remaining_time":22.42714882},
{"learn":[0.9898556013],"iteration":46,"passed_time":1.096793612,"remaining_time":22.23924069},
{"learn":[0.9887446962],"iteration":47,"passed_time":1.117487345,"remaining_time":22.16349902},
{"learn":[0.9877845021],"iteration":48,"passed_time":1.139107113,"remaining_time":22.10797682},
{"learn":[0.9865098671],"iteration":49,"passed_time":1.160783723,"remaining_time":22.05489074},
{"learn":[0.985688232],"iteration":50,"passed_time":1.181994828,"remaining_time":21.99437436},
{"learn":[0.9837635089],"iteration":51,"passed_time":1.20290104,"remaining_time":21.92981127},
{"learn":[0.982696534],"iteration":52,"passed_time":1.227017558,"remaining_time":21.92425711},
{"learn":[0.9809695469],"iteration":53,"passed_time":1.262392934,"remaining_time":22.11525398},
{"learn":[0.9798089158],"iteration":54,"passed_time":1.290974322,"remaining_time":22.18128608},
{"learn":[0.9785612346],"iteration":55,"passed_time":1.312164243,"remaining_time":22.1193401},
{"learn":[0.9770459405],"iteration":56,"passed_time":1.33594528,"remaining_time":22.10169121},
{"learn":[0.9757187885],"iteration":57,"passed_time":1.356975298,"remaining_time":22.03915053},
{"learn":[0.9743451007],"iteration":58,"passed_time":1.378836523,"remaining_time":21.99127404},
{"learn":[0.9731883718],"iteration":59,"passed_time":1.400412043,"remaining_time":21.93978867},
{"learn":[0.9722466422],"iteration":60,"passed_time":1.419658732,"remaining_time":21.85343523},
{"learn":[0.9709319357],"iteration":61,"passed_time":1.448102522,"remaining_time":21.90838977},
{"learn":[0.9693673931],"iteration":62,"passed_time":1.473879492,"remaining_time":21.92103308},
{"learn":[0.9675399795],"iteration":63,"passed_time":1.501546189,"remaining_time":21.96011302},
{"learn":[0.966409561],"iteration":64,"passed_time":1.53178609,"remaining_time":22.03415375},
{"learn":[0.9654303894],"iteration":65,"passed_time":1.554455563,"remaining_time":21.99790145},
{"learn":[0.9633844792],"iteration":66,"passed_time":1.581223391,"remaining_time":22.01912573},
{"learn":[0.962510929],"iteration":67,"passed_time":1.6025237,"remaining_time":21.9640013},
{"learn":[0.9613749527],"iteration":68,"passed_time":1.621600645,"remaining_time":21.87985798},
{"learn":[0.960166312],"iteration":69,"passed_time":1.646927731,"remaining_time":21.88061129},
{"learn":[0.958782229],"iteration":70,"passed_time":1.671386802,"remaining_time":21.86927237},
{"learn":[0.9576604492],"iteration":71,"passed_time":1.697157655,"remaining_time":21.87447645},
{"learn":[0.9560733416],"iteration":72,"passed_time":1.719067223,"remaining_time":21.82979885},
{"learn":[0.9540328214],"iteration":73,"passed_time":1.741054029,"remaining_time":21.78670312},
{"learn":[0.9530146577],"iteration":74,"passed_time":1.766338742,"remaining_time":21.78484448},
{"learn":[0.9525058833],"iteration":75,"passed_time":1.788055986,"remaining_time":21.73899646},
{"learn":[0.9511770036],"iteration":76,"passed_time":1.810209072,"remaining_time":21.69899966},
{"learn":[0.9503196616],"iteration":77,"passed_time":1.830400099,"remaining_time":21.63626784},
{"learn":[0.9487780318],"iteration":78,"passed_time":1.851892411,"remaining_time":21.58978368},
{"learn":[0.9473880221],"iteration":79,"passed_time":1.877852518,"remaining_time":21.59530396},
{"learn":[0.9462847537],"iteration":80,"passed_time":1.89998031,"remaining_time":21.55656673},
{"learn":[0.9458125336],"iteration":81,"passed_time":1.917964403,"remaining_time":21.47184539},
{"learn":[0.9454622419],"iteration":82,"passed_time":1.93661419,"remaining_time":21.3960869},
{"learn":[0.9446240035],"iteration":83,"passed_time":1.958501907,"remaining_time":21.35699698},
{"learn":[0.9437593877],"iteration":84,"passed_time":1.979800799,"remaining_time":21.3119733},
{"learn":[0.9426454344],"iteration":85,"passed_time":2.004158492,"remaining_time":21.30001002},
{"learn":[0.9413763525],"iteration":86,"passed_time":2.023018637,"remaining_time":21.23006915},
{"learn":[0.9409180846],"iteration":87,"passed_time":2.042435883,"remaining_time":21.16706279},
{"learn":[0.9402175225],"iteration":88,"passed_time":2.063710581,"remaining_time":21.12404875},
{"learn":[0.9390542915],"iteration":89,"passed_time":2.087646926,"remaining_time":21.10843003},
{"learn":[0.9381330056],"iteration":90,"passed_time":2.107231338,"remaining_time":21.04915699},
{"learn":[0.9371927328],"iteration":91,"passed_time":2.127126357,"remaining_time":20.9938123},
{"learn":[0.9357665984],"iteration":92,"passed_time":2.148797504,"remaining_time":20.956552},
{"learn":[0.9351188142],"iteration":93,"passed_time":2.170493961,"remaining_time":20.91986732},
{"learn":[0.934215592],"iteration":94,"passed_time":2.188381879,"remaining_time":20.84721685},
{"learn":[0.9324893543],"iteration":95,"passed_time":2.211913593,"remaining_time":20.828853},
{"learn":[0.9307707415],"iteration":96,"passed_time":2.232015487,"remaining_time":20.77845345},
{"learn":[0.9287995495],"iteration":97,"passed_time":2.254670249,"remaining_time":20.75216903},
{"learn":[0.9265624698],"iteration":98,"passed_time":2.277051213,"remaining_time":20.72346609},
{"learn":[0.9250483961],"iteration":99,"passed_time":2.301139957,"remaining_time":20.71025962},
{"learn":[0.9241156816],"iteration":100,"passed_time":2.325420388,"remaining_time":20.69854385},
{"learn":[0.9217707529],"iteration":101,"passed_time":2.354492998,"remaining_time":20.72877169},
{"learn":[0.9205007717],"iteration":102,"passed_time":2.378739992,"remaining_time":20.71582304},
{"learn":[0.9197199012],"iteration":103,"passed_time":2.400202008,"remaining_time":20.67866346},
{"learn":[0.9176226199],"iteration":104,"passed_time":2.420435288,"remaining_time":20.63132936},
{"learn":[0.9162326709],"iteration":105,"passed_time":2.441523008,"remaining_time":20.59171292},
{"learn":[0.915184578],"iteration":106,"passed_time":2.462259788,"remaining_time":20.54951393},
{"learn":[0.9137670278],"iteration":107,"passed_time":2.479839691,"remaining_time":20.48163893},
{"learn":[0.9123226819],"iteration":108,"passed_time":2.501719361,"remaining_time":20.44983441},
{"learn":[0.9118226082],"iteration":109,"passed_time":2.527831345,"remaining_time":20.45245361},
{"learn":[0.9109635618],"iteration":110,"passed_time":2.550685724,"remaining_time":20.42846494},
{"learn":[0.9099989161],"iteration":111,"passed_time":2.570373995,"remaining_time":20.37939382},
{"learn":[0.9092123697],"iteration":112,"passed_time":2.594787937,"remaining_time":20.36793717},
{"learn":[0.9082048647],"iteration":113,"passed_time":2.616709623,"remaining_time":20.33688356},
{"learn":[0.9067294349],"iteration":114,"passed_time":2.638509819,"remaining_time":20.30505383},
{"learn":[0.9056841807],"iteration":115,"passed_time":2.66017394,"remaining_time":20.27236003},
{"learn":[0.9036736994],"iteration":116,"passed_time":2.680254117,"remaining_time":20.22790073},
{"learn":[0.9024563567],"iteration":117,"passed_time":2.698285131,"remaining_time":20.16853801},
{"learn":[0.9002778681],"iteration":118,"passed_time":2.721878025,"remaining_time":20.15104655},
{"learn":[0.8983006553],"iteration":119,"passed_time":2.74239731,"remaining_time":20.11091361},
{"learn":[0.8975944],"iteration":120,"passed_time":2.762475703,"remaining_time":20.06790201},
{"learn":[0.8963810178],"iteration":121,"passed_time":2.786429494,"remaining_time":20.05315652},
{"learn":[0.8949156972],"iteration":122,"passed_time":2.811275816,"remaining_time":20.04462513},
{"learn":[0.8940176531],"iteration":123,"passed_time":2.832699444,"remaining_time":20.01165091},
{"learn":[0.8927413846],"iteration":124,"passed_time":2.855363771,"remaining_time":19.9875464},
{"learn":[0.89133161],"iteration":125,"passed_time":2.880494657,"remaining_time":19.98057405},
{"learn":[0.8902834831],"iteration":126,"passed_time":2.90187629,"remaining_time":19.94754332},
{"learn":[0.8888568555],"iteration":127,"passed_time":2.936271408,"remaining_time":20.00334897},
{"learn":[0.8880903999],"iteration":128,"passed_time":2.955232432,"remaining_time":19.95354611},
{"learn":[0.8860414564],"iteration":129,"passed_time":2.977105,"remaining_time":19.92370269},
{"learn":[0.8844428439],"iteration":130,"passed_time":2.997697744,"remaining_time":19.88549114},
{"learn":[0.8833769491],"iteration":131,"passed_time":3.018109617,"remaining_time":19.84635718},
{"learn":[0.881970582],"iteration":132,"passed_time":3.04157393,"remaining_time":19.82740298},
{"learn":[0.8804915951],"iteration":133,"passed_time":3.062697811,"remaining_time":19.793256},
{"learn":[0.8794273005],"iteration":134,"passed_time":3.084157897,"remaining_time":19.76145615},
{"learn":[0.8781982652],"iteration":135,"passed_time":3.108643664,"remaining_time":19.74903034},
{"learn":[0.8771669231],"iteration":136,"passed_time":3.129381193,"remaining_time":19.7128173},
{"learn":[0.8758686899],"iteration":137,"passed_time":3.15079879,"remaining_time":19.6810765},
{"learn":[0.8745039563],"iteration":138,"passed_time":3.171929487,"remaining_time":19.64770711},
{"learn":[0.8733124103],"iteration":139,"passed_time":3.196184879,"remaining_time":19.63370711},
{"learn":[0.8720817404],"iteration":140,"passed_time":3.218058779,"remaining_time":19.60505313},
{"learn":[0.8704263251],"iteration":141,"passed_time":3.242211508,"remaining_time":19.5902639},
{"learn":[0.8698653621],"iteration":142,"passed_time":3.264192755,"remaining_time":19.56233001},
{"learn":[0.8683828602],"iteration":143,"passed_time":3.294843866,"remaining_time":19.58601632},
{"learn":[0.8669025067],"iteration":144,"passed_time":3.314511345,"remaining_time":19.54418759},
{"learn":[0.8660493258],"iteration":145,"passed_time":3.335846655,"remaining_time":19.5124181},
{"learn":[0.8653820042],"iteration":146,"passed_time":3.357633461,"remaining_time":19.48341049},
{"learn":[0.8631560561],"iteration":147,"passed_time":3.377164362,"remaining_time":19.44151376},
{"learn":[0.8623579942],"iteration":148,"passed_time":3.394950668,"remaining_time":19.38995314},
{"learn":[0.8612879854],"iteration":149,"passed_time":3.414645039,"remaining_time":19.34965522},
{"learn":[0.8607157338],"iteration":150,"passed_time":3.435170366,"remaining_time":19.31430226},
{"learn":[0.8594424287],"iteration":151,"passed_time":3.45493502,"remaining_time":19.27490064},
{"learn":[0.858596749],"iteration":152,"passed_time":3.473664106,"remaining_time":19.23002286},
{"learn":[0.8570244022],"iteration":153,"passed_time":3.492256931,"remaining_time":19.18473613},
{"learn":[0.8558442711],"iteration":154,"passed_time":3.5102277,"remaining_time":19.13640262},
{"learn":[0.8546696034],"iteration":155,"passed_time":3.529087478,"remaining_time":19.09326815},
{"learn":[0.8532543218],"iteration":156,"passed_time":3.5463803,"remaining_time":19.04202925},
{"learn":[0.852365741],"iteration":157,"passed_time":3.565561381,"remaining_time":19.0012828},
{"learn":[0.8516190752],"iteration":158,"passed_time":3.582850152,"remaining_time":18.9507986},
{"learn":[0.8512434999],"iteration":159,"passed_time":3.600294111,"remaining_time":18.90154408},
{"learn":[0.8496363961],"iteration":160,"passed_time":3.620955131,"remaining_time":18.86944941},
{"learn":[0.8485153027],"iteration":161,"passed_time":3.63993456,"remaining_time":18.82879729},
{"learn":[0.8468156313],"iteration":162,"passed_time":3.660133342,"remaining_time":18.79467244},
{"learn":[0.8460419668],"iteration":163,"passed_time":3.679605581,"remaining_time":18.75701382},
{"learn":[0.8451478615],"iteration":164,"passed_time":3.697488871,"remaining_time":18.71153459},
{"learn":[0.8444273664],"iteration":165,"passed_time":3.716964321,"remaining_time":18.67438701},
{"learn":[0.8435002231],"iteration":166,"passed_time":3.737058862,"remaining_time":18.64053911},
{"learn":[0.8422092348],"iteration":167,"passed_time":3.766172619,"remaining_time":18.65152154},
{"learn":[0.8411171887],"iteration":168,"passed_time":3.790846369,"remaining_time":18.64019723},
{"learn":[0.8400241892],"iteration":169,"passed_time":3.818612155,"remaining_time":18.64381229},
{"learn":[0.8390265927],"iteration":170,"passed_time":3.849364236,"remaining_time":18.66153773},
{"learn":[0.8381374067],"iteration":171,"passed_time":3.876675671,"remaining_time":18.66213637},
{"learn":[0.8366378961],"iteration":172,"passed_time":3.897930757,"remaining_time":18.6334609},
{"learn":[0.8357629905],"iteration":173,"passed_time":3.918975597,"remaining_time":18.60387266},
{"learn":[0.8344205771],"iteration":174,"passed_time":3.939184003,"remaining_time":18.57043887},
{"learn":[0.8336947095],"iteration":175,"passed_time":3.96206702,"remaining_time":18.54967741},
{"learn":[0.8325679723],"iteration":176,"passed_time":3.989140666,"remaining_time":18.54837722},
{"learn":[0.8311758079],"iteration":177,"passed_time":4.010976002,"remaining_time":18.52259704},
{"learn":[0.8302295273],"iteration":178,"passed_time":4.035656909,"remaining_time":18.50991241},
{"learn":[0.8294624186],"iteration":179,"passed_time":4.06514846,"remaining_time":18.51900965},
{"learn":[0.8288908684],"iteration":180,"passed_time":4.084362918,"remaining_time":18.48117806},
{"learn":[0.8285970098],"iteration":181,"passed_time":4.101701932,"remaining_time":18.43512187},
{"learn":[0.8278613989],"iteration":182,"passed_time":4.119625283,"remaining_time":18.39198828},
{"learn":[0.8272389879],"iteration":183,"passed_time":4.139791804,"remaining_time":18.35907669},
{"learn":[0.8264149609],"iteration":184,"passed_time":4.157101034,"remaining_time":18.31371537},
{"learn":[0.8250188656],"iteration":185,"passed_time":4.17669109,"remaining_time":18.27863735},
{"learn":[0.8242926487],"iteration":186,"passed_time":4.196727059,"remaining_time":18.24566363},
{"learn":[0.8239003645],"iteration":187,"passed_time":4.216075295,"remaining_time":18.20985713},
{"learn":[0.823120293],"iteration":188,"passed_time":4.23568854,"remaining_time":18.17536194},
{"learn":[0.8217117969],"iteration":189,"passed_time":4.254532944,"remaining_time":18.13774571},
{"learn":[0.8211255219],"iteration":190,"passed_time":4.272273258,"remaining_time":18.09564956},
{"learn":[0.8204268267],"iteration":191,"passed_time":4.289940787,"remaining_time":18.05350081},
{"learn":[0.8200988705],"iteration":192,"passed_time":4.305480826,"remaining_time":18.00270998},
{"learn":[0.8195453673],"iteration":193,"passed_time":4.323243762,"remaining_time":17.9615179},
{"learn":[0.8186881427],"iteration":194,"passed_time":4.340918231,"remaining_time":17.9202009},
{"learn":[0.8184093631],"iteration":195,"passed_time":4.356310515,"remaining_time":17.86976354},
{"learn":[0.8179399322],"iteration":196,"passed_time":4.372226393,"remaining_time":17.82181621},
{"learn":[0.816936573],"iteration":197,"passed_time":4.389921892,"remaining_time":17.78140079},
{"learn":[0.8162597703],"iteration":198,"passed_time":4.40550464,"remaining_time":17.73270963},
{"learn":[0.8150990212],"iteration":199,"passed_time":4.424036139,"remaining_time":17.69614456},
{"learn":[0.8149019915],"iteration":200,"passed_time":4.439726874,"remaining_time":17.64846653},
{"learn":[0.8142364663],"iteration":201,"passed_time":4.455537626,"remaining_time":17.60157933},
{"learn":[0.8136510172],"iteration":202,"passed_time":4.471882586,"remaining_time":17.55709567},
{"learn":[0.8127505359],"iteration":203,"passed_time":4.48961613,"remaining_time":17.51830608},
{"learn":[0.8115795063],"iteration":204,"passed_time":4.50928677,"remaining_time":17.48723406},
{"learn":[0.8108619251],"iteration":205,"passed_time":4.527292258,"remaining_time":17.44985462},
{"learn":[0.8100621375],"iteration":206,"passed_time":4.5462899,"remaining_time":17.41646324},
{"learn":[0.8093190444],"iteration":207,"passed_time":4.56377463,"remaining_time":17.37744955},
{"learn":[0.8085244071],"iteration":208,"passed_time":4.580567052,"remaining_time":17.33602171},
{"learn":[0.8076846728],"iteration":209,"passed_time":4.59870457,"remaining_time":17.29988862},
{"learn":[0.8072870386],"iteration":210,"passed_time":4.613379719,"remaining_time":17.25097914},
{"learn":[0.8067418729],"iteration":211,"passed_time":4.627931483,"remaining_time":17.201934},
{"learn":[0.8056367309],"iteration":212,"passed_time":4.644731103,"remaining_time":17.16151821},
{"learn":[0.8046114356],"iteration":213,"passed_time":4.659729294,"remaining_time":17.11470666},
{"learn":[0.8037945182],"iteration":214,"passed_time":4.675403478,"remaining_time":17.07065921},
{"learn":[0.8029004454],"iteration":215,"passed_time":4.690004169,"remaining_time":17.0229781},
{"learn":[0.8023305061],"iteration":216,"passed_time":4.705463122,"remaining_time":16.97869873},
{"learn":[0.801216045],"iteration":217,"passed_time":4.722442234,"remaining_time":16.94013682},
{"learn":[0.8005746077],"iteration":218,"passed_time":4.737753125,"remaining_time":16.89582279},
{"learn":[0.7994633792],"iteration":219,"passed_time":4.75409722,"remaining_time":16.8554356},
{"learn":[0.7982042531],"iteration":220,"passed_time":4.771579572,"remaining_time":16.81927822},
{"learn":[0.7969809419],"iteration":221,"passed_time":4.787073947,"remaining_time":16.77632221},
{"learn":[0.7954113414],"iteration":222,"passed_time":4.805860523,"remaining_time":16.74508353},
{"learn":[0.7944634021],"iteration":223,"passed_time":4.824580648,"remaining_time":16.71372581},
{"learn":[0.7932152233],"iteration":224,"passed_time":4.841599394,"remaining_time":16.67662014},
{"learn":[0.7922095191],"iteration":225,"passed_time":4.857644306,"remaining_time":16.63635705},
{"learn":[0.7917020447],"iteration":226,"passed_time":4.87736923,"remaining_time":16.60883883},
{"learn":[0.7910079886],"iteration":227,"passed_time":4.892393244,"remaining_time":16.56547186},
{"learn":[0.7903824865],"iteration":228,"passed_time":4.908471944,"remaining_time":16.52590336},
{"learn":[0.7895669974],"iteration":229,"passed_time":4.924786231,"remaining_time":16.48732782},
{"learn":[0.7886874802],"iteration":230,"passed_time":4.940509197,"remaining_time":16.4469765},
{"learn":[0.7879188683],"iteration":231,"passed_time":4.957088644,"remaining_time":16.40967275},
{"learn":[0.787301563],"iteration":232,"passed_time":4.973409711,"remaining_time":16.37169634},
{"learn":[0.7866669911],"iteration":233,"passed_time":4.989348823,"remaining_time":16.33265469},
{"learn":[0.7854059666],"iteration":234,"passed_time":5.005600438,"remaining_time":16.29482696},
{"learn":[0.7845464814],"iteration":235,"passed_time":5.025448436,"remaining_time":16.2688246},
{"learn":[0.7841268487],"iteration":236,"passed_time":5.042252528,"remaining_time":16.23307459},
{"learn":[0.7837149218],"iteration":237,"passed_time":5.059302339,"remaining_time":16.19827051},
{"learn":[0.7833524235],"iteration":238,"passed_time":5.075384884,"remaining_time":16.16053513},
{"learn":[0.7819836471],"iteration":239,"passed_time":5.094681449,"remaining_time":16.13315792},
{"learn":[0.7811898576],"iteration":240,"passed_time":5.11009051,"remaining_time":16.09360455},
{"learn":[0.7801726707],"iteration":241,"passed_time":5.127199857,"remaining_time":16.05957641},
{"learn":[0.7798177333],"iteration":242,"passed_time":5.141988561,"remaining_time":16.01845819},
{"learn":[0.7789796589],"iteration":243,"passed_time":5.158673289,"remaining_time":15.98343036},
{"learn":[0.7779576546],"iteration":244,"passed_time":5.175853431,"remaining_time":15.95007894},
{"learn":[0.7770082879],"iteration":245,"passed_time":5.191863654,"remaining_time":15.91327315},
{"learn":[0.7763926349],"iteration":246,"passed_time":5.210869619,"remaining_time":15.88576852},
{"learn":[0.7758106785],"iteration":247,"passed_time":5.227683658,"remaining_time":15.85168593},
{"learn":[0.774931511],"iteration":248,"passed_time":5.243922603,"remaining_time":15.81600753},
{"learn":[0.7745130604],"iteration":249,"passed_time":5.260198256,"remaining_time":15.78059477},
{"learn":[0.7740572036],"iteration":250,"passed_time":5.277910622,"remaining_time":15.74962174},
{"learn":[0.7736092983],"iteration":251,"passed_time":5.29409384,"remaining_time":15.71421505},
{"learn":[0.7730231039],"iteration":252,"passed_time":5.308901677,"remaining_time":15.67489942},
{"learn":[0.7723864133],"iteration":253,"passed_time":5.323555702,"remaining_time":15.63532502},
{"learn":[0.7718051286],"iteration":254,"passed_time":5.339864949,"remaining_time":15.60078191},
{"learn":[0.7711797284],"iteration":255,"passed_time":5.355228349,"remaining_time":15.56363239},
{"learn":[0.7699360022],"iteration":256,"passed_time":5.372112393,"remaining_time":15.53104867},
{"learn":[0.7694212009],"iteration":257,"passed_time":5.388610114,"remaining_time":15.4974756},
{"learn":[0.7690617164],"iteration":258,"passed_time":5.402378805,"remaining_time":15.45622662},
{"learn":[0.7680902585],"iteration":259,"passed_time":5.420111555,"remaining_time":15.42647135},
{"learn":[0.7674473358],"iteration":260,"passed_time":5.436292018,"remaining_time":15.39241303},
{"learn":[0.7665146891],"iteration":261,"passed_time":5.452159623,"remaining_time":15.35760993},
{"learn":[0.7656225271],"iteration":262,"passed_time":5.467587781,"remaining_time":15.32171937},
{"learn":[0.7652868278],"iteration":263,"passed_time":5.483412369,"remaining_time":15.28708903},
{"learn":[0.763949616],"iteration":264,"passed_time":5.499969883,"remaining_time":15.25463345},
{"learn":[0.7631116134],"iteration":265,"passed_time":5.51650481,"remaining_time":15.22223508},
{"learn":[0.7622279277],"iteration":266,"passed_time":5.53213053,"remaining_time":15.18745947},
{"learn":[0.7612241534],"iteration":267,"passed_time":5.548105126,"remaining_time":15.15377967},
{"learn":[0.7601441333],"iteration":268,"passed_time":5.564821567,"remaining_time":15.12224745},
{"learn":[0.7593979423],"iteration":269,"passed_time":5.5813372,"remaining_time":15.09028206},
{"learn":[0.7583106802],"iteration":270,"passed_time":5.597130326,"remaining_time":15.05648711},
{"learn":[0.7574865606],"iteration":271,"passed_time":5.611971861,"remaining_time":15.02027763},
{"learn":[0.7566572029],"iteration":272,"passed_time":5.626543458,"remaining_time":14.98350584},
{"learn":[0.7555664585],"iteration":273,"passed_time":5.642071023,"remaining_time":14.94942906},
{"learn":[0.7550207816],"iteration":274,"passed_time":5.657262941,"remaining_time":14.9146023},
{"learn":[0.7538788609],"iteration":275,"passed_time":5.682218782,"remaining_time":14.90553043},
{"learn":[0.7535381532],"iteration":276,"passed_time":5.698445624,"remaining_time":14.87356024},
{"learn":[0.7529583397],"iteration":277,"passed_time":5.716596938,"remaining_time":14.8467014},
{"learn":[0.7515798945],"iteration":278,"passed_time":5.736501411,"remaining_time":14.82443554},
{"learn":[0.7506507598],"iteration":279,"passed_time":5.754045073,"remaining_time":14.7961159},
{"learn":[0.7498817903],"iteration":280,"passed_time":5.771557967,"remaining_time":14.76779423},
{"learn":[0.7491163864],"iteration":281,"passed_time":5.792186053,"remaining_time":14.7474808},
{"learn":[0.7482849195],"iteration":282,"passed_time":5.816797858,"remaining_time":14.73725818},
{"learn":[0.7471129893],"iteration":283,"passed_time":5.836372006,"remaining_time":14.71423365},
{"learn":[0.7463221561],"iteration":284,"passed_time":5.85504334,"remaining_time":14.68896838},
{"learn":[0.7452225553],"iteration":285,"passed_time":5.872727802,"remaining_time":14.66128549},
{"learn":[0.7445052538],"iteration":286,"passed_time":5.891125272,"remaining_time":14.63544362},
{"learn":[0.7437812308],"iteration":287,"passed_time":5.907289602,"remaining_time":14.60413263},
{"learn":[0.7425976251],"iteration":288,"passed_time":5.923270741,"remaining_time":14.57247577},
{"learn":[0.7418369462],"iteration":289,"passed_time":5.93953389,"remaining_time":14.54161746},
{"learn":[0.7413600853],"iteration":290,"passed_time":5.955401294,"remaining_time":14.50989525},
{"learn":[0.7408406385],"iteration":291,"passed_time":5.970737765,"remaining_time":14.47699431},
{"learn":[0.7405287659],"iteration":292,"passed_time":5.989145075,"remaining_time":14.4516231},
{"learn":[0.7398792788],"iteration":293,"passed_time":6.005346754,"remaining_time":14.42100275},
{"learn":[0.7386219126],"iteration":294,"passed_time":6.024223485,"remaining_time":14.39687307},
{"learn":[0.737902194],"iteration":295,"passed_time":6.040845068,"remaining_time":14.3674153},
{"learn":[0.7375543587],"iteration":296,"passed_time":6.054519409,"remaining_time":14.33106783},
{"learn":[0.7368106463],"iteration":297,"passed_time":6.070809813,"remaining_time":14.3010352},
{"learn":[0.7359295481],"iteration":298,"passed_time":6.08789562,"remaining_time":14.2729593},
{"learn":[0.7350053428],"iteration":299,"passed_time":6.104604251,"remaining_time":14.24407659},
{"learn":[0.7341572726],"iteration":300,"passed_time":6.120649278,"remaining_time":14.21373371},
{"learn":[0.7336237514],"iteration":301,"passed_time":6.135001154,"remaining_time":14.1795722},
{"learn":[0.733226727],"iteration":302,"passed_time":6.150006553,"remaining_time":14.14704478},
{"learn":[0.732807162],"iteration":303,"passed_time":6.167483612,"remaining_time":14.12029143},
{"learn":[0.7317048483],"iteration":304,"passed_time":6.184590256,"remaining_time":14.09275485},
{"learn":[0.7312010934],"iteration":305,"passed_time":6.201113222,"remaining_time":14.06396267},
{"learn":[0.7308276658],"iteration":306,"passed_time":6.216546869,"remaining_time":14.03279147},
{"learn":[0.7291622675],"iteration":307,"passed_time":6.232731705,"remaining_time":14.00341019},
{"learn":[0.7285127303],"iteration":308,"passed_time":6.248325692,"remaining_time":13.97279305},
{"learn":[0.727530419],"iteration":309,"passed_time":6.262877844,"remaining_time":13.93995391},
{"learn":[0.7269021106],"iteration":310,"passed_time":6.277840019,"remaining_time":13.90814075},
{"learn":[0.7263439042],"iteration":311,"passed_time":6.293083417,"remaining_time":13.87705574},
{"learn":[0.7259549104],"iteration":312,"passed_time":6.309834834,"remaining_time":13.84938189},
{"learn":[0.7252246445],"iteration":313,"passed_time":6.327434881,"remaining_time":13.82363162},
{"learn":[0.7242582113],"iteration":314,"passed_time":6.351083929,"remaining_time":13.81108727},
{"learn":[0.7238778442],"iteration":315,"passed_time":6.367824766,"remaining_time":13.78351943},
{"learn":[0.7235115006],"iteration":316,"passed_time":6.388245032,"remaining_time":13.7639475},
{"learn":[0.7229859902],"iteration":317,"passed_time":6.40918746,"remaining_time":13.74549009},
{"learn":[0.7223419743],"iteration":318,"passed_time":6.430422689,"remaining_time":13.72764217},
{"learn":[0.72198094],"iteration":319,"passed_time":6.449776107,"remaining_time":13.70577423},
{"learn":[0.7213877381],"iteration":320,"passed_time":6.46989254,"remaining_time":13.68553593},
{"learn":[0.7204692767],"iteration":321,"passed_time":6.487993283,"remaining_time":13.66105418},
{"learn":[0.7203151263],"iteration":322,"passed_time":6.502137099,"remaining_time":13.62831832},
{"learn":[0.7196150787],"iteration":323,"passed_time":6.519747706,"remaining_time":13.6029304},
{"learn":[0.7192613037],"iteration":324,"passed_time":6.535483029,"remaining_time":13.57369552},
{"learn":[0.7187961523],"iteration":325,"passed_time":6.551858532,"remaining_time":13.54586703},
{"learn":[0.7179337712],"iteration":326,"passed_time":6.569121987,"remaining_time":13.51993608},
{"learn":[0.7178488773],"iteration":327,"passed_time":6.585252936,"remaining_time":13.49173772},
{"learn":[0.7169570045],"iteration":328,"passed_time":6.605061948,"remaining_time":13.47111419},
{"learn":[0.7158641668],"iteration":329,"passed_time":6.625205425,"remaining_time":13.45117465},
{"learn":[0.7150872375],"iteration":330,"passed_time":6.646939385,"remaining_time":13.43444849},
{"learn":[0.7147590276],"iteration":331,"passed_time":6.665069313,"remaining_time":13.41044067},
{"learn":[0.7141418855],"iteration":332,"passed_time":6.685798806,"remaining_time":13.39167509},
{"learn":[0.7138437554],"iteration":333,"passed_time":6.704649789,"remaining_time":13.36915197},
{"learn":[0.7136098226],"iteration":334,"passed_time":6.727600625,"remaining_time":13.3547893},
{"learn":[0.7133412571],"iteration":335,"passed_time":6.745063486,"remaining_time":13.32953022},
{"learn":[0.71314069],"iteration":336,"passed_time":6.762260269,"remaining_time":13.30379394},
{"learn":[0.7126379513],"iteration":337,"passed_time":6.784156494,"remaining_time":13.28731242},
{"learn":[0.7115187813],"iteration":338,"passed_time":6.80514053,"remaining_time":13.26902033},
{"learn":[0.7107829252],"iteration":339,"passed_time":6.830252449,"remaining_time":13.25872534},
{"learn":[0.7104810381],"iteration":340,"passed_time":6.847620568,"remaining_time":13.23337816},
{"learn":[0.7095771331],"iteration":341,"passed_time":6.868317051,"remaining_time":13.21448134},
{"learn":[0.7089859047],"iteration":342,"passed_time":6.886691763,"remaining_time":13.19112679},
{"learn":[0.7084802722],"iteration":343,"passed_time":6.90545894,"remaining_time":13.16854961},
{"learn":[0.7079379846],"iteration":344,"passed_time":6.924400916,"remaining_time":13.14632638},
{"learn":[0.7071108215],"iteration":345,"passed_time":6.945549223,"remaining_time":13.12829246},
{"learn":[0.7067655135],"iteration":346,"passed_time":6.969505175,"remaining_time":13.11552415},
{"learn":[0.7061688989],"iteration":347,"passed_time":6.993023681,"remaining_time":13.10187195},
{"learn":[0.7053215247],"iteration":348,"passed_time":7.015276053,"remaining_time":13.08580146},
{"learn":[0.704919447],"iteration":349,"passed_time":7.033781966,"remaining_time":13.06273794},
{"learn":[0.7041669379],"iteration":350,"passed_time":7.055066243,"remaining_time":13.04483758},
{"learn":[0.7036180103],"iteration":351,"passed_time":7.073139142,"remaining_time":13.02100615},
{"learn":[0.7031733097],"iteration":352,"passed_time":7.088318225,"remaining_time":12.99190337},
{"learn":[0.7022597174],"iteration":353,"passed_time":7.104480052,"remaining_time":12.96467264},
{"learn":[0.7015422572],"iteration":354,"passed_time":7.120541081,"remaining_time":12.93732112},
{"learn":[0.7008361327],"iteration":355,"passed_time":7.136549219,"remaining_time":12.90993735},
{"learn":[0.7003798643],"iteration":356,"passed_time":7.153054444,"remaining_time":12.88351263},
{"learn":[0.6999385684],"iteration":357,"passed_time":7.169764688,"remaining_time":12.85751098},
{"learn":[0.6995000626],"iteration":358,"passed_time":7.185136045,"remaining_time":12.82917049},
{"learn":[0.6991074534],"iteration":359,"passed_time":7.201347638,"remaining_time":12.8023958},
{"learn":[0.6983659228],"iteration":360,"passed_time":7.222521703,"remaining_time":12.78446362},
{"learn":[0.6975550037],"iteration":361,"passed_time":7.239264213,"remaining_time":12.75870323},
{"learn":[0.6972911081],"iteration":362,"passed_time":7.254866206,"remaining_time":12.73099111},
{"learn":[0.6964993668],"iteration":363,"passed_time":7.273766373,"remaining_time":12.70910828},
{"learn":[0.6962396139],"iteration":364,"passed_time":7.288265627,"remaining_time":12.67958541},
{"learn":[0.6959426567],"iteration":365,"passed_time":7.303496586,"remaining_time":12.65141212},
{"learn":[0.6958174178],"iteration":366,"passed_time":7.318540995,"remaining_time":12.6229876},
{"learn":[0.6952058177],"iteration":367,"passed_time":7.333742794,"remaining_time":12.5949061},
{"learn":[0.6950001018],"iteration":368,"passed_time":7.34792935,"remaining_time":12.56515832},
{"learn":[0.6943677157],"iteration":369,"passed_time":7.362926999,"remaining_time":12.5368757},
{"learn":[0.6938168528],"iteration":370,"passed_time":7.380924556,"remaining_time":12.5137508},
{"learn":[0.6936668069],"iteration":371,"passed_time":7.39984373,"remaining_time":12.49220931},
{"learn":[0.6931141372],"iteration":372,"passed_time":7.417823405,"remaining_time":12.46910261},
{"learn":[0.6924475456],"iteration":373,"passed_time":7.433762552,"remaining_time":12.44260791},
{"learn":[0.6921631301],"iteration":374,"passed_time":7.450313155,"remaining_time":12.41718859},
{"learn":[0.6919824237],"iteration":375,"passed_time":7.465520292,"remaining_time":12.38958687},
{"learn":[0.6918068532],"iteration":376,"passed_time":7.480529907,"remaining_time":12.36172449},
{"learn":[0.6904788572],"iteration":377,"passed_time":7.497283112,"remaining_time":12.3367992},
{"learn":[0.6898438223],"iteration":378,"passed_time":7.5136606,"remaining_time":12.31130141},
{"learn":[0.6890777096],"iteration":379,"passed_time":7.52881211,"remaining_time":12.28385134},
{"learn":[0.6884957766],"iteration":380,"passed_time":7.544073707,"remaining_time":12.25664468},
{"learn":[0.687702278],"iteration":381,"passed_time":7.562383546,"remaining_time":12.23443202},
{"learn":[0.6868242943],"iteration":382,"passed_time":7.577898038,"remaining_time":12.20773653},
{"learn":[0.6865384052],"iteration":383,"passed_time":7.592036854,"remaining_time":12.17889245},
{"learn":[0.686040644],"iteration":384,"passed_time":7.617814542,"remaining_time":12.16871674},
{"learn":[0.6857247608],"iteration":385,"passed_time":7.632588284,"remaining_time":12.14095649},
{"learn":[0.6852031211],"iteration":386,"passed_time":7.649169414,"remaining_time":12.11612623},
{"learn":[0.6848719012],"iteration":387,"passed_time":7.665716917,"remaining_time":12.09128545},
{"learn":[0.6840000189],"iteration":388,"passed_time":7.684879784,"remaining_time":12.07059524},
{"learn":[0.6836931651],"iteration":389,"passed_time":7.70400446,"remaining_time":12.04985313},
{"learn":[0.6829160658],"iteration":390,"passed_time":7.723871008,"remaining_time":12.03027479},
{"learn":[0.682198953],"iteration":391,"passed_time":7.742780768,"remaining_time":12.00921099},
{"learn":[0.6812841538],"iteration":392,"passed_time":7.761923954,"remaining_time":11.98851868},
{"learn":[0.6808481801],"iteration":393,"passed_time":7.778840902,"remaining_time":11.96441012},
{"learn":[0.6804832099],"iteration":394,"passed_time":7.794560777,"remaining_time":11.93850448},
{"learn":[0.6799621278],"iteration":395,"passed_time":7.809888302,"remaining_time":11.91205186},
{"learn":[0.6793815815],"iteration":396,"passed_time":7.82600442,"remaining_time":11.88685306},
{"learn":[0.6789903901],"iteration":397,"passed_time":7.848183384,"remaining_time":11.87087035},
{"learn":[0.6780443143],"iteration":398,"passed_time":7.866579201,"remaining_time":11.84915814},
{"learn":[0.6775232616],"iteration":399,"passed_time":7.882657383,"remaining_time":11.82398608},
{"learn":[0.676752066],"iteration":400,"passed_time":7.902168734,"remaining_time":11.80398771},
{"learn":[0.6765551093],"iteration":401,"passed_time":7.918550951,"remaining_time":11.77933699},
{"learn":[0.6752514884],"iteration":402,"passed_time":7.937973047,"remaining_time":11.75923054},
{"learn":[0.6748425893],"iteration":403,"passed_time":7.954728499,"remaining_time":11.73519353},
{"learn":[0.6740854119],"iteration":404,"passed_time":7.976721351,"remaining_time":11.71888692},
{"learn":[0.6737428248],"iteration":405,"passed_time":7.991396546,"remaining_time":11.69184618},
{"learn":[0.6731196515],"iteration":406,"passed_time":8.007318083,"remaining_time":11.66668212},
{"learn":[0.6729008344],"iteration":407,"passed_time":8.023572964,"remaining_time":11.64204705},
{"learn":[0.672360329],"iteration":408,"passed_time":8.040704999,"remaining_time":11.61872043},
{"learn":[0.6716193762],"iteration":409,"passed_time":8.056706708,"remaining_time":11.59379746},
{"learn":[0.6709805295],"iteration":410,"passed_time":8.073591475,"remaining_time":11.5701834},
{"learn":[0.6703823362],"iteration":411,"passed_time":8.091234031,"remaining_time":11.54768352},
{"learn":[0.6698547271],"iteration":412,"passed_time":8.10662636,"remaining_time":11.52200889},
{"learn":[0.6693438566],"iteration":413,"passed_time":8.121318045,"remaining_time":11.49539221},
{"learn":[0.6684132306],"iteration":414,"passed_time":8.138362142,"remaining_time":11.47214904},
{"learn":[0.6677930633],"iteration":415,"passed_time":8.155804669,"remaining_time":11.44949502},
{"learn":[0.6673798796],"iteration":416,"passed_time":8.172497026,"remaining_time":11.42581719},
{"learn":[0.6667024754],"iteration":417,"passed_time":8.189522266,"remaining_time":11.40263627},
{"learn":[0.6662819762],"iteration":418,"passed_time":8.210782876,"remaining_time":11.38535764},
{"learn":[0.6659474026],"iteration":419,"passed_time":8.226068738,"remaining_time":11.35980921},
{"learn":[0.6654187325],"iteration":420,"passed_time":8.244234676,"remaining_time":11.33827049},
{"learn":[0.6649338856],"iteration":421,"passed_time":8.259883027,"remaining_time":11.3132995},
{"learn":[0.6643637989],"iteration":422,"passed_time":8.275296415,"remaining_time":11.28805208},
{"learn":[0.6639063205],"iteration":423,"passed_time":8.291580547,"remaining_time":11.26403395},
{"learn":[0.6628348655],"iteration":424,"passed_time":8.307540512,"remaining_time":11.23961363},
{"learn":[0.6625098682],"iteration":425,"passed_time":8.322606231,"remaining_time":11.21402811},
{"learn":[0.6619320886],"iteration":426,"passed_time":8.337646669,"remaining_time":11.18845794},
{"learn":[0.6611741669],"iteration":427,"passed_time":8.353284914,"remaining_time":11.16373591},
{"learn":[0.6608045614],"iteration":428,"passed_time":8.369450114,"remaining_time":11.13975761},
{"learn":[0.6601613269],"iteration":429,"passed_time":8.389063469,"remaining_time":11.12038646},
{"learn":[0.6594388597],"iteration":430,"passed_time":8.41049833,"remaining_time":11.10341891},
{"learn":[0.6583087],"iteration":431,"passed_time":8.431326601,"remaining_time":11.08563312},
{"learn":[0.657800786],"iteration":432,"passed_time":8.450458278,"remaining_time":11.06561165},
{"learn":[0.6577179619],"iteration":433,"passed_time":8.467359877,"remaining_time":11.04268592},
{"learn":[0.6571101555],"iteration":434,"passed_time":8.484192456,"remaining_time":11.01969825},
{"learn":[0.6567504202],"iteration":435,"passed_time":8.501038906,"remaining_time":10.99675675},
{"learn":[0.6565158218],"iteration":436,"passed_time":8.517239675,"remaining_time":10.9730113},
{"learn":[0.6560962235],"iteration":437,"passed_time":8.535953236,"remaining_time":10.95252447},
{"learn":[0.6553670086],"iteration":438,"passed_time":8.554347845,"remaining_time":10.93163813},
{"learn":[0.6551987558],"iteration":439,"passed_time":8.574462017,"remaining_time":10.91295166},
{"learn":[0.6550358706],"iteration":440,"passed_time":8.589100915,"remaining_time":10.88731839},
{"learn":[0.6546032054],"iteration":441,"passed_time":8.605839375,"remaining_time":10.86438545},
{"learn":[0.6541745497],"iteration":442,"passed_time":8.622069836,"remaining_time":10.84084176},
{"learn":[0.6534985314],"iteration":443,"passed_time":8.63985397,"remaining_time":10.81927659},
{"learn":[0.6527606481],"iteration":444,"passed_time":8.658571773,"remaining_time":10.79889289},
{"learn":[0.6524377582],"iteration":445,"passed_time":8.67428238,"remaining_time":10.77478125},
{"learn":[0.6520507994],"iteration":446,"passed_time":8.691558697,"remaining_time":10.7526442},
{"learn":[0.651272224],"iteration":447,"passed_time":8.710649071,"remaining_time":10.73276403},
{"learn":[0.6509794125],"iteration":448,"passed_time":8.725625767,"remaining_time":10.70783919},
{"learn":[0.6506770808],"iteration":449,"passed_time":8.741504906,"remaining_time":10.68406155},
{"learn":[0.6500274249],"iteration":450,"passed_time":8.758142813,"remaining_time":10.66124258},
{"learn":[0.6493728645],"iteration":451,"passed_time":8.774021263,"remaining_time":10.6375302},
{"learn":[0.6492534698],"iteration":452,"passed_time":8.788837207,"remaining_time":10.61256943},
{"learn":[0.6486678695],"iteration":453,"passed_time":8.805110031,"remaining_time":10.58940546},
{"learn":[0.6482995548],"iteration":454,"passed_time":8.82165405,"remaining_time":10.56659661},
{"learn":[0.6480676381],"iteration":455,"passed_time":8.836920391,"remaining_time":10.54229099},
{"learn":[0.6478161543],"iteration":456,"passed_time":8.856214961,"remaining_time":10.52281121},
{"learn":[0.6474364228],"iteration":457,"passed_time":8.873281604,"remaining_time":10.5006957},
{"learn":[0.6471753598],"iteration":458,"passed_time":8.887710502,"remaining_time":10.47549321},
{"learn":[0.6468053355],"iteration":459,"passed_time":8.90366138,"remaining_time":10.45212423},
{"learn":[0.6464122542],"iteration":460,"passed_time":8.918152568,"remaining_time":10.42708077},
{"learn":[0.645733821],"iteration":461,"passed_time":8.935191222,"remaining_time":10.40504952},
{"learn":[0.6454170833],"iteration":462,"passed_time":8.950977372,"remaining_time":10.38158715},
{"learn":[0.6450250817],"iteration":463,"passed_time":8.966358252,"remaining_time":10.35768971},
{"learn":[0.6446632303],"iteration":464,"passed_time":8.981520709,"remaining_time":10.33357759},
{"learn":[0.6443138897],"iteration":465,"passed_time":8.998426062,"remaining_time":10.31150111},
{"learn":[0.643679841],"iteration":466,"passed_time":9.01336141,"remaining_time":10.28719836},
{"learn":[0.6433432433],"iteration":467,"passed_time":9.029514423,"remaining_time":10.26431981},
{"learn":[0.6430447473],"iteration":468,"passed_time":9.045642025,"remaining_time":10.24144118},
{"learn":[0.6426487005],"iteration":469,"passed_time":9.060999052,"remaining_time":10.21772234},
{"learn":[0.6421615726],"iteration":470,"passed_time":9.076502754,"remaining_time":10.19420373},
{"learn":[0.6416301636],"iteration":471,"passed_time":9.094093132,"remaining_time":10.17305333},
{"learn":[0.6409125882],"iteration":472,"passed_time":9.110722184,"remaining_time":10.15084692},
{"learn":[0.6406180504],"iteration":473,"passed_time":9.12615978,"remaining_time":10.12734187},
{"learn":[0.640433253],"iteration":474,"passed_time":9.139579772,"remaining_time":10.1016408},
{"learn":[0.6401564494],"iteration":475,"passed_time":9.156731589,"remaining_time":10.08009948},
{"learn":[0.6395218353],"iteration":476,"passed_time":9.173425334,"remaining_time":10.05807432},
{"learn":[0.6392032822],"iteration":477,"passed_time":9.188647377,"remaining_time":10.03446429},
{"learn":[0.6390425156],"iteration":478,"passed_time":9.203648257,"remaining_time":10.01064873},
{"learn":[0.6388693665],"iteration":479,"passed_time":9.219121095,"remaining_time":9.987381187},
{"learn":[0.6383596883],"iteration":480,"passed_time":9.235799451,"remaining_time":9.965446809},
{"learn":[0.6379227906],"iteration":481,"passed_time":9.252103872,"remaining_time":9.943132377},
{"learn":[0.6375996961],"iteration":482,"passed_time":9.267676037,"remaining_time":9.920059029},
{"learn":[0.6368308317],"iteration":483,"passed_time":9.284148734,"remaining_time":9.89797675},
{"learn":[0.6366149466],"iteration":484,"passed_time":9.299278321,"remaining_time":9.874491414},
{"learn":[0.6363775171],"iteration":485,"passed_time":9.314408366,"remaining_time":9.851040947},
{"learn":[0.6360289949],"iteration":486,"passed_time":9.331525896,"remaining_time":9.829718244},
{"learn":[0.6355550818],"iteration":487,"passed_time":9.345540065,"remaining_time":9.80515679},
{"learn":[0.6351661607],"iteration":488,"passed_time":9.361917231,"remaining_time":9.783107781},
{"learn":[0.6343476875],"iteration":489,"passed_time":9.379721358,"remaining_time":9.762567128},
{"learn":[0.6342183717],"iteration":490,"passed_time":9.394146893,"remaining_time":9.73853517},
{"learn":[0.6337898532],"iteration":491,"passed_time":9.409257362,"remaining_time":9.715249472},
{"learn":[0.6330152112],"iteration":492,"passed_time":9.425655647,"remaining_time":9.693321325},
{"learn":[0.6323994861],"iteration":493,"passed_time":9.441113212,"remaining_time":9.670451995},
{"learn":[0.6319238729],"iteration":494,"passed_time":9.457092973,"remaining_time":9.648145356},
{"learn":[0.6315481741],"iteration":495,"passed_time":9.47207675,"remaining_time":9.624852182},
{"learn":[0.6307108881],"iteration":496,"passed_time":9.488808083,"remaining_time":9.603361098},
{"learn":[0.6303224458],"iteration":497,"passed_time":9.50465771,"remaining_time":9.581000342},
{"learn":[0.6298424821],"iteration":498,"passed_time":9.520203338,"remaining_time":9.558360466},
{"learn":[0.6293110669],"iteration":499,"passed_time":9.538149496,"remaining_time":9.538149496},
{"learn":[0.6289911924],"iteration":500,"passed_time":9.552682353,"remaining_time":9.514547893},
{"learn":[0.6284079673],"iteration":501,"passed_time":9.570177501,"remaining_time":9.493921106},
{"learn":[0.6277061467],"iteration":502,"passed_time":9.586166339,"remaining_time":9.471818431},
{"learn":[0.6272166182],"iteration":503,"passed_time":9.600866457,"remaining_time":9.448471751},
{"learn":[0.6268458884],"iteration":504,"passed_time":9.617041995,"remaining_time":9.42660552},
{"learn":[0.6264268437],"iteration":505,"passed_time":9.632097773,"remaining_time":9.403668577},
{"learn":[0.6260274648],"iteration":506,"passed_time":9.650436128,"remaining_time":9.383954657},
{"learn":[0.6258566273],"iteration":507,"passed_time":9.666000935,"remaining_time":9.361559961},
{"learn":[0.6253931157],"iteration":508,"passed_time":9.682243579,"remaining_time":9.339845967},
{"learn":[0.6248790847],"iteration":509,"passed_time":9.697080842,"remaining_time":9.316803162},
{"learn":[0.6245788116],"iteration":510,"passed_time":9.71234061,"remaining_time":9.294196787},
{"learn":[0.6242157655],"iteration":511,"passed_time":9.728309219,"remaining_time":9.272294724},
{"learn":[0.6237327452],"iteration":512,"passed_time":9.744289196,"remaining_time":9.250426586},
{"learn":[0.6236221737],"iteration":513,"passed_time":9.758625241,"remaining_time":9.227026979},
{"learn":[0.6234412856],"iteration":514,"passed_time":9.773327048,"remaining_time":9.204007025},
{"learn":[0.6226865609],"iteration":515,"passed_time":9.791158566,"remaining_time":9.183954934},
{"learn":[0.6224293088],"iteration":516,"passed_time":9.806357309,"remaining_time":9.161451799},
{"learn":[0.6217430806],"iteration":517,"passed_time":9.824020215,"remaining_time":9.141269775},
{"learn":[0.6212188755],"iteration":518,"passed_time":9.840287631,"remaining_time":9.119804143},
{"learn":[0.6209876275],"iteration":519,"passed_time":9.856539462,"remaining_time":9.098344119},
{"learn":[0.6207323225],"iteration":520,"passed_time":9.890881844,"remaining_time":9.093536282},
{"learn":[0.620163304],"iteration":521,"passed_time":9.907520334,"remaining_time":9.072403677},
{"learn":[0.6195836033],"iteration":522,"passed_time":9.925189783,"remaining_time":9.05222854},
{"learn":[0.6189181614],"iteration":523,"passed_time":9.941346892,"remaining_time":9.030689161},
{"learn":[0.6184054853],"iteration":524,"passed_time":9.96035038,"remaining_time":9.011745582},
{"learn":[0.6182050597],"iteration":525,"passed_time":9.978805778,"remaining_time":8.992307868},
{"learn":[0.617890676],"iteration":526,"passed_time":9.995468603,"remaining_time":8.971264989},
{"learn":[0.6176041319],"iteration":527,"passed_time":10.01092682,"remaining_time":8.949161851},
{"learn":[0.616916873],"iteration":528,"passed_time":10.05783052,"remaining_time":8.955081618},
{"learn":[0.6165631708],"iteration":529,"passed_time":10.0807814,"remaining_time":8.939560862},
{"learn":[0.6160623758],"iteration":530,"passed_time":10.10609291,"remaining_time":8.926097126},
{"learn":[0.6159565626],"iteration":531,"passed_time":10.13077447,"remaining_time":8.912034687},
{"learn":[0.6151646537],"iteration":532,"passed_time":10.15695476,"remaining_time":8.899245539},
{"learn":[0.6148514206],"iteration":533,"passed_time":10.17636063,"remaining_time":8.880494483},
{"learn":[0.6145961324],"iteration":534,"passed_time":10.19748417,"remaining_time":8.863233901},
{"learn":[0.6142111565],"iteration":535,"passed_time":10.22324418,"remaining_time":8.849972577},
{"learn":[0.6139885927],"iteration":536,"passed_time":10.24778105,"remaining_time":8.835610108},
{"learn":[0.6134334651],"iteration":537,"passed_time":10.27949755,"remaining_time":8.827375216},
{"learn":[0.6131969476],"iteration":538,"passed_time":10.3048243,"remaining_time":8.81358813},
{"learn":[0.6126864842],"iteration":539,"passed_time":10.32562465,"remaining_time":8.795902481},
{"learn":[0.6122106142],"iteration":540,"passed_time":10.34522823,"remaining_time":8.777189937},
{"learn":[0.6118589917],"iteration":541,"passed_time":10.36625643,"remaining_time":8.759677943},
{"learn":[0.6112148719],"iteration":542,"passed_time":10.38896603,"remaining_time":8.743568091},
{"learn":[0.6105804576],"iteration":543,"passed_time":10.41578191,"remaining_time":8.730876009},
{"learn":[0.6102235085],"iteration":544,"passed_time":10.43352567,"remaining_time":8.710558125},
{"learn":[0.6097650729],"iteration":545,"passed_time":10.45042572,"remaining_time":8.689548125},
{"learn":[0.6091635112],"iteration":546,"passed_time":10.46870083,"remaining_time":8.669691915},
{"learn":[0.6089550679],"iteration":547,"passed_time":10.48546502,"remaining_time":8.648595236},
{"learn":[0.6084233397],"iteration":548,"passed_time":10.50348827,"remaining_time":8.628548656},
{"learn":[0.6082608894],"iteration":549,"passed_time":10.52167006,"remaining_time":8.60863914},
{"learn":[0.6077966712],"iteration":550,"passed_time":10.54045126,"remaining_time":8.589224351},
{"learn":[0.6075318808],"iteration":551,"passed_time":10.5589058,"remaining_time":8.569546734},
{"learn":[0.6070670981],"iteration":552,"passed_time":10.57683353,"remaining_time":8.549447718},
{"learn":[0.6067433394],"iteration":553,"passed_time":10.59391101,"remaining_time":8.528672044},
{"learn":[0.6066634191],"iteration":554,"passed_time":10.61051633,"remaining_time":8.507531114},
{"learn":[0.6065947516],"iteration":555,"passed_time":10.62683313,"remaining_time":8.4861761},
{"learn":[0.6062990367],"iteration":556,"passed_time":10.64483587,"remaining_time":8.466180057},
{"learn":[0.6059653415],"iteration":557,"passed_time":10.66328099,"remaining_time":8.446541571},
{"learn":[0.6050250685],"iteration":558,"passed_time":10.67864935,"remaining_time":8.424480081},
{"learn":[0.6045757948],"iteration":559,"passed_time":10.7185073,"remaining_time":8.421684308},
{"learn":[0.6037511556],"iteration":560,"passed_time":10.74836972,"remaining_time":8.41093459},
{"learn":[0.6032576058],"iteration":561,"passed_time":10.78022482,"remaining_time":8.401669874},
{"learn":[0.6028249848],"iteration":562,"passed_time":10.8002357,"remaining_time":8.383131441},
{"learn":[0.6024478089],"iteration":563,"passed_time":10.82405843,"remaining_time":8.367534532},
{"learn":[0.601902946],"iteration":564,"passed_time":10.84335466,"remaining_time":8.3484235},
{"learn":[0.6016432464],"iteration":565,"passed_time":10.86262485,"remaining_time":8.329291846},
{"learn":[0.6013376023],"iteration":566,"passed_time":10.89111423,"remaining_time":8.317200105},
{"learn":[0.601079304],"iteration":567,"passed_time":10.90883885,"remaining_time":8.296863353},
{"learn":[0.600570126],"iteration":568,"passed_time":10.92774539,"remaining_time":8.277431044},
{"learn":[0.6002788774],"iteration":569,"passed_time":10.94726618,"remaining_time":8.258463961},
{"learn":[0.6000372088],"iteration":570,"passed_time":10.96308717,"remaining_time":8.236715226},
{"learn":[0.5996978052],"iteration":571,"passed_time":10.98539858,"remaining_time":8.21984369},
{"learn":[0.5994230092],"iteration":572,"passed_time":11.00349846,"remaining_time":8.199814734},
{"learn":[0.5991602147],"iteration":573,"passed_time":11.02293031,"remaining_time":8.180781033},
{"learn":[0.5989807442],"iteration":574,"passed_time":11.03887409,"remaining_time":8.159167804},
{"learn":[0.5987253127],"iteration":575,"passed_time":11.05525698,"remaining_time":8.137897501},
{"learn":[0.5982811496],"iteration":576,"passed_time":11.07307022,"remaining_time":8.117692728},
{"learn":[0.5981831548],"iteration":577,"passed_time":11.08700359,"remaining_time":8.094663521},
{"learn":[0.5975753119],"iteration":578,"passed_time":11.10391014,"remaining_time":8.073827583},
{"learn":[0.5974249766],"iteration":579,"passed_time":11.11763443,"remaining_time":8.050700792},
{"learn":[0.5971175436],"iteration":580,"passed_time":11.13403806,"remaining_time":8.029538639},
{"learn":[0.5963600963],"iteration":581,"passed_time":11.15053796,"remaining_time":8.008461969},
{"learn":[0.5961444897],"iteration":582,"passed_time":11.16570493,"remaining_time":7.986447606},
{"learn":[0.595720675],"iteration":583,"passed_time":11.18243093,"remaining_time":7.965567239},
{"learn":[0.5954314616],"iteration":584,"passed_time":11.19735251,"remaining_time":7.943421014},
{"learn":[0.5949058786],"iteration":585,"passed_time":11.21256632,"remaining_time":7.921505902},
{"learn":[0.594264989],"iteration":586,"passed_time":11.23085177,"remaining_time":7.901774757},
{"learn":[0.5935627299],"iteration":587,"passed_time":11.24715122,"remaining_time":7.88065698},
{"learn":[0.5930976959],"iteration":588,"passed_time":11.26179638,"remaining_time":7.858401209},
{"learn":[0.5926648367],"iteration":589,"passed_time":11.27764882,"remaining_time":7.837010194},
{"learn":[0.5923477693],"iteration":590,"passed_time":11.29356204,"remaining_time":7.815679994},
{"learn":[0.5920758101],"iteration":591,"passed_time":11.30871861,"remaining_time":7.793846611},
{"learn":[0.5916448563],"iteration":592,"passed_time":11.32606325,"remaining_time":7.773537512},
{"learn":[0.5911726032],"iteration":593,"passed_time":11.34510435,"remaining_time":7.754397923},
{"learn":[0.5909557153],"iteration":594,"passed_time":11.36230706,"remaining_time":7.734007325},
{"learn":[0.5904817215],"iteration":595,"passed_time":11.38152286,"remaining_time":7.714992005},
{"learn":[0.5901563904],"iteration":596,"passed_time":11.39942389,"remaining_time":7.695088492},
{"learn":[0.5895988265],"iteration":597,"passed_time":11.4189234,"remaining_time":7.676266231},
{"learn":[0.5893278168],"iteration":598,"passed_time":11.4549446,"remaining_time":7.668502146},
{"learn":[0.5891289834],"iteration":599,"passed_time":11.48160975,"remaining_time":7.654406501},
{"learn":[0.5885079889],"iteration":600,"passed_time":11.49797001,"remaining_time":7.633427678},
{"learn":[0.5879433804],"iteration":601,"passed_time":11.51482882,"remaining_time":7.612793801},
{"learn":[0.5873654369],"iteration":602,"passed_time":11.52981698,"remaining_time":7.590940864},
{"learn":[0.5872368045],"iteration":603,"passed_time":11.54575295,"remaining_time":7.569732064},
{"learn":[0.5869120036],"iteration":604,"passed_time":11.56083418,"remaining_time":7.547982649},
{"learn":[0.5867935942],"iteration":605,"passed_time":11.57498634,"remaining_time":7.525651187},
{"learn":[0.5860974086],"iteration":606,"passed_time":11.59223527,"remaining_time":7.505351669},
{"learn":[0.5857795431],"iteration":607,"passed_time":11.60720691,"remaining_time":7.483593928},
{"learn":[0.5854660861],"iteration":608,"passed_time":11.62477404,"remaining_time":7.463524874},
{"learn":[0.5851343364],"iteration":609,"passed_time":11.64297634,"remaining_time":7.443870121},
{"learn":[0.5845787805],"iteration":610,"passed_time":11.66213741,"remaining_time":7.424830525},
{"learn":[0.5844579539],"iteration":611,"passed_time":11.67782646,"remaining_time":7.403589325},
{"learn":[0.5840497404],"iteration":612,"passed_time":11.69344208,"remaining_time":7.38231988},
{"learn":[0.5833869333],"iteration":613,"passed_time":11.71124713,"remaining_time":7.362445262},
{"learn":[0.5828807775],"iteration":614,"passed_time":11.72830293,"remaining_time":7.342108341},
{"learn":[0.5826497309],"iteration":615,"passed_time":11.74343751,"remaining_time":7.320584423},
{"learn":[0.5821115356],"iteration":616,"passed_time":11.76041967,"remaining_time":7.30022809},
{"learn":[0.5818477794],"iteration":617,"passed_time":11.77530026,"remaining_time":7.278583657},
{"learn":[0.5814633965],"iteration":618,"passed_time":11.79085841,"remaining_time":7.257378119},
{"learn":[0.5811516519],"iteration":619,"passed_time":11.80540172,"remaining_time":7.235568793},
{"learn":[0.5809705918],"iteration":620,"passed_time":11.81912604,"remaining_time":7.213283044},
{"learn":[0.5803016133],"iteration":621,"passed_time":11.83748151,"remaining_time":7.193839243},
{"learn":[0.5799614867],"iteration":622,"passed_time":11.85413549,"remaining_time":7.173369307},
{"learn":[0.5795225861],"iteration":623,"passed_time":11.87290562,"remaining_time":7.154186722},
{"learn":[0.579125878],"iteration":624,"passed_time":11.90047386,"remaining_time":7.140284318},
{"learn":[0.5789687356],"iteration":625,"passed_time":11.92751913,"remaining_time":7.126025809},
{"learn":[0.5784313745],"iteration":626,"passed_time":11.95001979,"remaining_time":7.109022937},
{"learn":[0.5783193921],"iteration":627,"passed_time":11.96766655,"remaining_time":7.08912732},
{"learn":[0.5779240199],"iteration":628,"passed_time":11.98997494,"remaining_time":7.071988397},
{"learn":[0.5776849113],"iteration":629,"passed_time":12.00751122,"remaining_time":7.052030397},
{"learn":[0.5768974368],"iteration":630,"passed_time":12.02849966,"remaining_time":7.034098848},
{"learn":[0.5763686662],"iteration":631,"passed_time":12.04582669,"remaining_time":7.014025667},
{"learn":[0.5758540528],"iteration":632,"passed_time":12.06553904,"remaining_time":6.995344121},
{"learn":[0.5755179363],"iteration":633,"passed_time":12.08726837,"remaining_time":6.977823696},
{"learn":[0.5753402343],"iteration":634,"passed_time":12.10568509,"remaining_time":6.958385917},
{"learn":[0.5748197276],"iteration":635,"passed_time":12.12417201,"remaining_time":6.93899153},
{"learn":[0.5744457752],"iteration":636,"passed_time":12.14281484,"remaining_time":6.919688836},
{"learn":[0.5741409134],"iteration":637,"passed_time":12.16138301,"remaining_time":6.900345844},
{"learn":[0.5735817049],"iteration":638,"passed_time":12.17942823,"remaining_time":6.880709845}
]}