{
"meta":{"test_sets":[],"test_metrics":[],"learn_metrics":[{"best_value":"Min","name":"MultiClass"}],"launch_mode":"Train","parameters":"","iteration_count":1000,"learn_sets":["learn"],"name":"experiment"},
"iterations":[
{"learn":[1.081645536],"iteration":0,"passed_time":0.02584722866,"remaining_time":25.82138143},
{"learn":[1.068042205],"iteration":1,"passed_time":0.04878156403,"remaining_time":24.34200045},
{"learn":[1.056853814],"iteration":2,"passed_time":0.06921482294,"remaining_time":23.00239282},
{"learn":[1.047188488],"iteration":3,"passed_time":0.0881323956,"remaining_time":21.94496651},
{"learn":[1.039741352],"iteration":4,"passed_time":0.1079254538,"remaining_time":21.4771653},
{"learn":[1.033628901],"iteration":5,"passed_time":0.1274283399,"remaining_time":21.11062831},
{"learn":[1.028269539],"iteration":6,"passed_time":0.145648586,"remaining_time":20.66129227},
{"learn":[1.023370175],"iteration":7,"passed_time":0.1654407129,"remaining_time":20.51464839},
{"learn":[1.019483955],"iteration":8,"passed_time":0.1859035139,"remaining_time":20.47004248},
{"learn":[1.015865408],"iteration":9,"passed_time":0.2099714759,"remaining_time":20.78717612},
{"learn":[1.012935573],"iteration":10,"passed_time":0.2282781893,"remaining_time":20.52428448},
{"learn":[1.0095664],"iteration":11,"passed_time":0.2512602393,"remaining_time":20.68709304},
{"learn":[1.006830444],"iteration":12,"passed_time":0.2725103155,"remaining_time":20.68982164},
{"learn":[1.003956091],"iteration":13,"passed_time":0.2947516021,"remaining_time":20.75893426},
{"learn":[1.001699591],"iteration":14,"passed_time":0.3162420273,"remaining_time":20.76655979},
{"learn":[0.9998798574],"iteration":15,"passed_time":0.3353144137,"remaining_time":20.62183644},
{"learn":[0.9981466678],"iteration":16,"passed_time":0.3555813987,"remaining_time":20.56097146},
{"learn":[0.9970084191],"iteration":17,"passed_time":0.3736089648,"remaining_time":20.38244464},
{"learn":[0.9950881123],"iteration":18,"passed_time":0.3932038788,"remaining_time":20.30173711},
{"learn":[0.99364998],"iteration":19,"passed_time":0.4144149458,"remaining_time":20.30633234},
{"learn":[0.9923281608],"iteration":20,"passed_time":0.4332290006,"remaining_time":20.19672341},
{"learn":[0.991202466],"iteration":21,"passed_time":0.4509840503,"remaining_time":20.04829096},
{"learn":[0.9901129603],"iteration":22,"passed_time":0.471271262,"remaining_time":20.01878361},
{"learn":[0.989126349],"iteration":23,"passed_time":0.4908268512,"remaining_time":19.96029195},
{"learn":[0.9880396889],"iteration":24,"passed_time":0.5130162205,"remaining_time":20.0076326},
{"learn":[0.9870244904],"iteration":25,"passed_time":0.5377896779,"remaining_time":20.1464287},
{"learn":[0.9859558706],"iteration":26,"passed_time":0.5582270494,"remaining_time":20.11684885},
{"learn":[0.9851095337],"iteration":27,"passed_time":0.5795478852,"remaining_time":20.11859087},
{"learn":[0.9844156312],"iteration":28,"passed_time":0.598749264,"remaining_time":20.04777708},
{"learn":[0.983644329],"iteration":29,"passed_time":0.6212856964,"remaining_time":20.08823752},
{"learn":[0.9829868387],"iteration":30,"passed_time":0.6461279957,"remaining_time":20.19671057},
{"learn":[0.9823101698],"iteration":31,"passed_time":0.6635103476,"remaining_time":20.07118802},
{"learn":[0.9813710678],"iteration":32,"passed_time":0.681485526,"remaining_time":19.96959102},
{"learn":[0.9808109073],"iteration":33,"passed_time":0.7030429949,"remaining_time":19.97469215},
{"learn":[0.9803449468],"iteration":34,"passed_time":0.7242935569,"remaining_time":19.96980807},
{"learn":[0.9792284855],"iteration":35,"passed_time":0.7480683713,"remaining_time":20.03160861},
{"learn":[0.9782390178],"iteration":36,"passed_time":0.7690707651,"remaining_time":20.01662559},
{"learn":[0.9773190865],"iteration":37,"passed_time":0.7898081707,"remaining_time":19.99461737},
{"learn":[0.9763058511],"iteration":38,"passed_time":0.8123135186,"remaining_time":20.01623824},
{"learn":[0.9755041112],"iteration":39,"passed_time":0.8334644047,"remaining_time":20.00314571},
{"learn":[0.974467826],"iteration":40,"passed_time":0.8551502052,"remaining_time":20.00217187},
{"learn":[0.9738311431],"iteration":41,"passed_time":0.874856791,"remaining_time":19.9550668},
{"learn":[0.9734383724],"iteration":42,"passed_time":0.8932160078,"remaining_time":19.87924929},
{"learn":[0.9725941359],"iteration":43,"passed_time":0.9168028753,"remaining_time":19.91962611},
{"learn":[0.9720798],"iteration":44,"passed_time":0.9375637727,"remaining_time":19.89718673},
{"learn":[0.9711427324],"iteration":45,"passed_time":0.9604393741,"remaining_time":19.91867745},
{"learn":[0.9707655655],"iteration":46,"passed_time":0.9777908057,"remaining_time":19.82626889},
{"learn":[0.9702993559],"iteration":47,"passed_time":1.00015236,"remaining_time":19.83635514},
{"learn":[0.9698748622],"iteration":48,"passed_time":1.018197738,"remaining_time":19.76134793},
{"learn":[0.9689844313],"iteration":49,"passed_time":1.042812259,"remaining_time":19.81343293},
{"learn":[0.9683642366],"iteration":50,"passed_time":1.063670288,"remaining_time":19.79260988},
{"learn":[0.9672854578],"iteration":51,"passed_time":1.087553058,"remaining_time":19.82692882},
{"learn":[0.9662602464],"iteration":52,"passed_time":1.109544187,"remaining_time":19.8252518},
{"learn":[0.9653917796],"iteration":53,"passed_time":1.131328021,"remaining_time":19.81919089},
{"learn":[0.9649902147],"iteration":54,"passed_time":1.151667915,"remaining_time":19.78774872},
{"learn":[0.9644067552],"iteration":55,"passed_time":1.171959153,"remaining_time":19.75588287},
{"learn":[0.9634413036],"iteration":56,"passed_time":1.194721916,"remaining_time":19.76531169},
{"learn":[0.9630593657],"iteration":57,"passed_time":1.214046947,"remaining_time":19.71779697},
{"learn":[0.961681257],"iteration":58,"passed_time":1.23761398,"remaining_time":19.73889415},
{"learn":[0.9614730458],"iteration":59,"passed_time":1.255697555,"remaining_time":19.67259502},
{"learn":[0.9609653839],"iteration":60,"passed_time":1.277907436,"remaining_time":19.67139479},
{"learn":[0.9601669574],"iteration":61,"passed_time":1.302530503,"remaining_time":19.70602599},
{"learn":[0.9597312409],"iteration":62,"passed_time":1.325137144,"remaining_time":19.70878577},
{"learn":[0.9588912622],"iteration":63,"passed_time":1.34919059,"remaining_time":19.73191238},
{"learn":[0.9581565331],"iteration":64,"passed_time":1.373282399,"remaining_time":19.75413912},
{"learn":[0.9577515619],"iteration":65,"passed_time":1.391749135,"remaining_time":19.69535897},
{"learn":[0.9567995118],"iteration":66,"passed_time":1.410765453,"remaining_time":19.64543533},
{"learn":[0.9561783079],"iteration":67,"passed_time":1.431700548,"remaining_time":19.62271927},
{"learn":[0.9558886463],"iteration":68,"passed_time":1.44957064,"remaining_time":19.55869951},
{"learn":[0.9554570023],"iteration":69,"passed_time":1.469039817,"remaining_time":19.51724328},
{"learn":[0.9549861082],"iteration":70,"passed_time":1.488012477,"remaining_time":19.46990974},
{"learn":[0.9543656675],"iteration":71,"passed_time":1.506217181,"remaining_time":19.41346589},
{"learn":[0.9539245819],"iteration":72,"passed_time":1.524837249,"remaining_time":19.36334424},
{"learn":[0.9536055908],"iteration":73,"passed_time":1.545013163,"remaining_time":19.3335431},
{"learn":[0.9529412843],"iteration":74,"passed_time":1.565252645,"remaining_time":19.30478262},
{"learn":[0.9523314475],"iteration":75,"passed_time":1.584322932,"remaining_time":19.26203143},
{"learn":[0.951863932],"iteration":76,"passed_time":1.606173884,"remaining_time":19.25322721},
{"learn":[0.9515279557],"iteration":77,"passed_time":1.623860323,"remaining_time":19.19486177},
{"learn":[0.9512820375],"iteration":78,"passed_time":1.642997163,"remaining_time":19.15443528},
{"learn":[0.9507499253],"iteration":79,"passed_time":1.665846458,"remaining_time":19.15723426},
{"learn":[0.9504223998],"iteration":80,"passed_time":1.68575502,"remaining_time":19.12603535},
{"learn":[0.9501991166],"iteration":81,"passed_time":1.70452373,"remaining_time":19.08235103},
{"learn":[0.9497802129],"iteration":82,"passed_time":1.725470816,"remaining_time":19.0633342},
{"learn":[0.9493773223],"iteration":83,"passed_time":1.747462817,"remaining_time":19.05566596},
{"learn":[0.9484294006],"iteration":84,"passed_time":1.77052623,"remaining_time":19.05919412},
{"learn":[0.9480963454],"iteration":85,"passed_time":1.790816477,"remaining_time":19.03263093},
{"learn":[0.9475415236],"iteration":86,"passed_time":1.809703074,"remaining_time":18.99148169},
{"learn":[0.9473200159],"iteration":87,"passed_time":1.827932187,"remaining_time":18.94402448},
{"learn":[0.9468665109],"iteration":88,"passed_time":1.845681346,"remaining_time":18.89231131},
{"learn":[0.9465167418],"iteration":89,"passed_time":1.863398044,"remaining_time":18.84102466},
{"learn":[0.9458720873],"iteration":90,"passed_time":1.883251418,"remaining_time":18.81181911},
{"learn":[0.9456107129],"iteration":91,"passed_time":1.901593716,"remaining_time":18.76790319},
{"learn":[0.945339181],"iteration":92,"passed_time":1.919983191,"remaining_time":18.72499735},
{"learn":[0.944613909],"iteration":93,"passed_time":1.94174494,"remaining_time":18.71511613},
{"learn":[0.9437279599],"iteration":94,"passed_time":1.966706705,"remaining_time":18.73546914},
{"learn":[0.9435570389],"iteration":95,"passed_time":1.98552919,"remaining_time":18.69706654},
{"learn":[0.9430954605],"iteration":96,"passed_time":2.005468606,"remaining_time":18.66946548},
{"learn":[0.9425508396],"iteration":97,"passed_time":2.024734029,"remaining_time":18.63581728},
{"learn":[0.9420061306],"iteration":98,"passed_time":2.043495471,"remaining_time":18.59787292},
{"learn":[0.9414371739],"iteration":99,"passed_time":2.063214358,"remaining_time":18.56892922},
{"learn":[0.9409695319],"iteration":100,"passed_time":2.082238198,"remaining_time":18.53398158},
{"learn":[0.9405057118],"iteration":101,"passed_time":2.101350299,"remaining_time":18.50012322},
{"learn":[0.9399557374],"iteration":102,"passed_time":2.120587832,"remaining_time":18.46764355},
{"learn":[0.9394166009],"iteration":103,"passed_time":2.138586693,"remaining_time":18.42474689},
{"learn":[0.9391553239],"iteration":104,"passed_time":2.158954236,"remaining_time":18.40251467},
{"learn":[0.9389427209],"iteration":105,"passed_time":2.179756256,"remaining_time":18.383982},
{"learn":[0.9383207716],"iteration":106,"passed_time":2.20012445,"remaining_time":18.3617863},
{"learn":[0.9374761321],"iteration":107,"passed_time":2.222094162,"remaining_time":18.35285178},
{"learn":[0.936673694],"iteration":108,"passed_time":2.24253865,"remaining_time":18.33121043},
{"learn":[0.9360833397],"iteration":109,"passed_time":2.263486899,"remaining_time":18.31366673},
{"learn":[0.9355768842],"iteration":110,"passed_time":2.284577097,"remaining_time":18.29719855},
{"learn":[0.9349860993],"iteration":111,"passed_time":2.305626564,"remaining_time":18.2803249},
{"learn":[0.9343886854],"iteration":112,"passed_time":2.326221679,"remaining_time":18.25981088},
{"learn":[0.9336144742],"iteration":113,"passed_time":2.348433769,"remaining_time":18.25186245},
{"learn":[0.933132465],"iteration":114,"passed_time":2.365682414,"remaining_time":18.20546902},
{"learn":[0.9326390262],"iteration":115,"passed_time":2.383535909,"remaining_time":18.16418744},
{"learn":[0.9319639539],"iteration":116,"passed_time":2.403888465,"remaining_time":18.14216679},
{"learn":[0.9313616859],"iteration":117,"passed_time":2.424381319,"remaining_time":18.12122308},
{"learn":[0.9310585527],"iteration":118,"passed_time":2.443118814,"remaining_time":18.08729139},
{"learn":[0.9308271009],"iteration":119,"passed_time":2.460904347,"remaining_time":18.04663188},
{"learn":[0.9305538581],"iteration":120,"passed_time":2.48196819,"remaining_time":18.03016561},
{"learn":[0.9298442535],"iteration":121,"passed_time":2.503023817,"remaining_time":18.01356485},
{"learn":[0.9295420577],"iteration":122,"passed_time":2.519977102,"remaining_time":17.96764161},
{"learn":[0.9291660938],"iteration":123,"passed_time":2.539577961,"remaining_time":17.94088947},
{"learn":[0.9285848276],"iteration":124,"passed_time":2.558211532,"remaining_time":17.90748073},
{"learn":[0.9283011883],"iteration":125,"passed_time":2.577754669,"remaining_time":17.88061572},
{"learn":[0.9278221462],"iteration":126,"passed_time":2.600518213,"remaining_time":17.87600315},
{"learn":[0.9275713213],"iteration":127,"passed_time":2.619883546,"remaining_time":17.84795666},
{"learn":[0.927126492],"iteration":128,"passed_time":2.637830886,"remaining_time":17.81047056},
{"learn":[0.9266224356],"iteration":129,"passed_time":2.657476694,"remaining_time":17.78465172},
{"learn":[0.9262042776],"iteration":130,"passed_time":2.678903282,"remaining_time":17.77074009},
{"learn":[0.9258605738],"iteration":131,"passed_time":2.699966899,"remaining_time":17.75432779},
{"learn":[0.9253910711],"iteration":132,"passed_time":2.720212447,"remaining_time":17.73251272},
{"learn":[0.9249608683],"iteration":133,"passed_time":2.737643685,"remaining_time":17.69253307},
{"learn":[0.9245137181],"iteration":134,"passed_time":2.756247854,"remaining_time":17.66040292},
{"learn":[0.9243372854],"iteration":135,"passed_time":2.774599638,"remaining_time":17.62686829},
{"learn":[0.9239059775],"iteration":136,"passed_time":2.793787137,"remaining_time":17.5988197},
{"learn":[0.9232002392],"iteration":137,"passed_time":2.813857665,"remaining_time":17.57641527},
{"learn":[0.9226227114],"iteration":138,"passed_time":2.834321979,"remaining_time":17.55648363},
{"learn":[0.9219492894],"iteration":139,"passed_time":2.853114661,"remaining_time":17.52627578},
{"learn":[0.921422727],"iteration":140,"passed_time":2.872006388,"remaining_time":17.49683324},
{"learn":[0.9209441605],"iteration":141,"passed_time":2.892511214,"remaining_time":17.47728607},
{"learn":[0.9206842789],"iteration":142,"passed_time":2.91105157,"remaining_time":17.44595242},
{"learn":[0.9201537931],"iteration":143,"passed_time":2.933638051,"remaining_time":17.43884841},
{"learn":[0.9195292232],"iteration":144,"passed_time":2.952465905,"remaining_time":17.40936793},
{"learn":[0.9192311125],"iteration":145,"passed_time":2.971686744,"remaining_time":17.38233205},
{"learn":[0.9187406437],"iteration":146,"passed_time":2.992799191,"remaining_time":17.36637898},
{"learn":[0.9183252395],"iteration":147,"passed_time":3.012252571,"remaining_time":17.34080534},
{"learn":[0.9179619165],"iteration":148,"passed_time":3.031489973,"remaining_time":17.31408031},
{"learn":[0.9175861076],"iteration":149,"passed_time":3.0506028,"remaining_time":17.2867492},
{"learn":[0.9174304089],"iteration":150,"passed_time":3.067932915,"remaining_time":17.24950361},
{"learn":[0.9169294332],"iteration":151,"passed_time":3.085902984,"remaining_time":17.21609033},
{"learn":[0.916416445],"iteration":152,"passed_time":3.103725083,"remaining_time":17.18205977},
{"learn":[0.9161528114],"iteration":153,"passed_time":3.122675173,"remaining_time":17.15443634},
{"learn":[0.91545822],"iteration":154,"passed_time":3.144523,"remaining_time":17.14272216},
{"learn":[0.9149632041],"iteration":155,"passed_time":3.178979449,"remaining_time":17.19909394},
{"learn":[0.9146096438],"iteration":156,"passed_time":3.197337584,"remaining_time":17.16786996},
{"learn":[0.9142685147],"iteration":157,"passed_time":3.216994006,"remaining_time":17.14372755},
{"learn":[0.9135484079],"iteration":158,"passed_time":3.236313424,"remaining_time":17.11785905},
{"learn":[0.9133082114],"iteration":159,"passed_time":3.253316967,"remaining_time":17.07991408},
{"learn":[0.9130373851],"iteration":160,"passed_time":3.272528849,"remaining_time":17.05373729},
{"learn":[0.9123002306],"iteration":161,"passed_time":3.295884157,"remaining_time":17.04907978},
{"learn":[0.9118813337],"iteration":162,"passed_time":3.31900424,"remaining_time":17.04298496},
{"learn":[0.9112222997],"iteration":163,"passed_time":3.341398872,"remaining_time":17.03298449},
{"learn":[0.9106566969],"iteration":164,"passed_time":3.360981219,"remaining_time":17.00860192},
{"learn":[0.9102301991],"iteration":165,"passed_time":3.379210726,"remaining_time":16.9774804},
{"learn":[0.9095365481],"iteration":166,"passed_time":3.398767548,"remaining_time":16.95313394},
{"learn":[0.9093128454],"iteration":167,"passed_time":3.418027786,"remaining_time":16.9273757},
{"learn":[0.9084977005],"iteration":168,"passed_time":3.439637602,"remaining_time":16.91324762},
{"learn":[0.9077347888],"iteration":169,"passed_time":3.459709082,"remaining_time":16.89152081},
{"learn":[0.9071389064],"iteration":170,"passed_time":3.479890787,"remaining_time":16.87034773},
{"learn":[0.9068424869],"iteration":171,"passed_time":3.499118317,"remaining_time":16.84459283},
{"learn":[0.9065086937],"iteration":172,"passed_time":3.519259324,"remaining_time":16.82328012},
{"learn":[0.90602693],"iteration":173,"passed_time":3.540445523,"remaining_time":16.80694254},
{"learn":[0.9057106156],"iteration":174,"passed_time":3.558492163,"remaining_time":16.77574877},
{"learn":[0.9054370485],"iteration":175,"passed_time":3.576982091,"remaining_time":16.74677979},
{"learn":[0.9051084809],"iteration":176,"passed_time":3.595700772,"remaining_time":16.71899286},
{"learn":[0.9047999839],"iteration":177,"passed_time":3.614586838,"remaining_time":16.69208079},
{"learn":[0.9041019176],"iteration":178,"passed_time":3.636573791,"remaining_time":16.67948091},
{"learn":[0.9034987149],"iteration":179,"passed_time":3.656850744,"remaining_time":16.65898672},
{"learn":[0.9029703417],"iteration":180,"passed_time":3.6751729,"remaining_time":16.62964975},
{"learn":[0.9023051671],"iteration":181,"passed_time":3.695114777,"remaining_time":16.60771367},
{"learn":[0.9017901578],"iteration":182,"passed_time":3.71659262,"remaining_time":16.59265667},
{"learn":[0.901150619],"iteration":183,"passed_time":3.737629495,"remaining_time":16.57557428},
{"learn":[0.9005768217],"iteration":184,"passed_time":3.759228873,"remaining_time":16.5609272},
{"learn":[0.9000016323],"iteration":185,"passed_time":3.77952518,"remaining_time":16.54050267},
{"learn":[0.899734969],"iteration":186,"passed_time":3.798810973,"remaining_time":16.51568621},
{"learn":[0.8992542895],"iteration":187,"passed_time":3.818253843,"remaining_time":16.49160702},
{"learn":[0.8990975105],"iteration":188,"passed_time":3.836791034,"remaining_time":16.46369063},
{"learn":[0.8988129335],"iteration":189,"passed_time":3.855261197,"remaining_time":16.43558721},
{"learn":[0.8986055541],"iteration":190,"passed_time":3.873267831,"remaining_time":16.40562134},
{"learn":[0.8983123269],"iteration":191,"passed_time":3.893368853,"remaining_time":16.38459392},
{"learn":[0.8978776839],"iteration":192,"passed_time":3.913929517,"remaining_time":16.36549803},
{"learn":[0.8973932062],"iteration":193,"passed_time":3.938161383,"remaining_time":16.36163956},
{"learn":[0.8969928363],"iteration":194,"passed_time":3.961698502,"remaining_time":16.35470407},
{"learn":[0.8964163376],"iteration":195,"passed_time":3.982325654,"remaining_time":16.33566238},
{"learn":[0.8961259896],"iteration":196,"passed_time":4.002356482,"remaining_time":16.31417388},
{"learn":[0.8955358672],"iteration":197,"passed_time":4.02469212,"remaining_time":16.30203576},
{"learn":[0.8952508239],"iteration":198,"passed_time":4.043659691,"remaining_time":16.27623825},
{"learn":[0.8950098973],"iteration":199,"passed_time":4.06186139,"remaining_time":16.24744556},
{"learn":[0.8943255069],"iteration":200,"passed_time":4.084727124,"remaining_time":16.23729837},
{"learn":[0.8940476731],"iteration":201,"passed_time":4.102296506,"remaining_time":16.20610204},
{"learn":[0.8933712266],"iteration":202,"passed_time":4.124752606,"remaining_time":16.19422575},
{"learn":[0.893122375],"iteration":203,"passed_time":4.14378974,"remaining_time":16.16890506},
{"learn":[0.8926575093],"iteration":204,"passed_time":4.163595386,"remaining_time":16.14662601},
{"learn":[0.8923740408],"iteration":205,"passed_time":4.182832307,"remaining_time":16.12217889},
{"learn":[0.8917475646],"iteration":206,"passed_time":4.208194895,"remaining_time":16.12124904},
{"learn":[0.8911522377],"iteration":207,"passed_time":4.232557236,"remaining_time":16.11627563},
{"learn":[0.8908855385],"iteration":208,"passed_time":4.252733011,"remaining_time":16.09527183},
{"learn":[0.8904285544],"iteration":209,"passed_time":4.276797201,"remaining_time":16.08890376},
{"learn":[0.8900977201],"iteration":210,"passed_time":4.29941126,"remaining_time":16.07694542},
{"learn":[0.8896950407],"iteration":211,"passed_time":4.323955698,"remaining_time":16.07206174},
{"learn":[0.8893764434],"iteration":212,"passed_time":4.347615504,"remaining_time":16.06372489},
{"learn":[0.8891398295],"iteration":213,"passed_time":4.370894798,"remaining_time":16.05384725},
{"learn":[0.888925675],"iteration":214,"passed_time":4.400405074,"remaining_time":16.06659527},
{"learn":[0.8883039416],"iteration":215,"passed_time":4.42442179,"remaining_time":16.05901242},
{"learn":[0.8879338741],"iteration":216,"passed_time":4.446815131,"remaining_time":16.04542049},
{"learn":[0.8875372067],"iteration":217,"passed_time":4.467429674,"remaining_time":16.025367},
{"learn":[0.8873592298],"iteration":218,"passed_time":4.488969292,"remaining_time":16.00860738},
{"learn":[0.8871911107],"iteration":219,"passed_time":4.509241386,"remaining_time":15.98731037},
{"learn":[0.8870448427],"iteration":220,"passed_time":4.529565442,"remaining_time":15.96620579},
{"learn":[0.8865480142],"iteration":221,"passed_time":4.55215871,"remaining_time":15.9530607},
{"learn":[0.8861089063],"iteration":222,"passed_time":4.573000105,"remaining_time":15.93372682},
{"learn":[0.8855928833],"iteration":223,"passed_time":4.598002181,"remaining_time":15.92879327},
{"learn":[0.8851950577],"iteration":224,"passed_time":4.616446648,"remaining_time":15.90109401},
{"learn":[0.8849163333],"iteration":225,"passed_time":4.636977835,"remaining_time":15.8806232},
{"learn":[0.8847368411],"iteration":226,"passed_time":4.655465594,"remaining_time":15.85319341},
{"learn":[0.8844446111],"iteration":227,"passed_time":4.675042971,"remaining_time":15.82953146},
{"learn":[0.8840281033],"iteration":228,"passed_time":4.694879005,"remaining_time":15.80677604},
{"learn":[0.883473379],"iteration":229,"passed_time":4.715951343,"remaining_time":15.78818493},
{"learn":[0.8829332858],"iteration":230,"passed_time":4.737597859,"remaining_time":15.77148378},
{"learn":[0.8826058669],"iteration":231,"passed_time":4.758418101,"remaining_time":15.75200475},
{"learn":[0.8822349284],"iteration":232,"passed_time":4.783535566,"remaining_time":15.74666},
{"learn":[0.881983275],"iteration":233,"passed_time":4.803301978,"remaining_time":15.72362955},
{"learn":[0.8816452501],"iteration":234,"passed_time":4.823066886,"remaining_time":15.70062199},
{"learn":[0.8813584023],"iteration":235,"passed_time":4.841360793,"remaining_time":15.67287985},
{"learn":[0.881120552],"iteration":236,"passed_time":4.860636042,"remaining_time":15.64837679},
{"learn":[0.8802518511],"iteration":237,"passed_time":4.881562041,"remaining_time":15.62920284},
{"learn":[0.87978325],"iteration":238,"passed_time":4.901490869,"remaining_time":15.60683913},
{"learn":[0.8794289268],"iteration":239,"passed_time":4.919358393,"remaining_time":15.57796824},
{"learn":[0.8791260754],"iteration":240,"passed_time":4.942628496,"remaining_time":15.56620344},
{"learn":[0.8785632752],"iteration":241,"passed_time":4.963255527,"remaining_time":15.54606483},
{"learn":[0.8778986117],"iteration":242,"passed_time":4.987745428,"remaining_time":15.53795592},
{"learn":[0.8773600925],"iteration":243,"passed_time":5.011702869,"remaining_time":15.52806299},
{"learn":[0.8769944332],"iteration":244,"passed_time":5.031802229,"remaining_time":15.50616605},
{"learn":[0.8768673074],"iteration":245,"passed_time":5.048457798,"remaining_time":15.47372837},
{"learn":[0.8765904468],"iteration":246,"passed_time":5.068939823,"remaining_time":15.45308375},
{"learn":[0.8761521914],"iteration":247,"passed_time":5.091265062,"remaining_time":15.43802954},
{"learn":[0.8759968119],"iteration":248,"passed_time":5.111537678,"remaining_time":15.41672609},
{"learn":[0.8757686723],"iteration":249,"passed_time":5.135360241,"remaining_time":15.40608072},
{"learn":[0.8752918819],"iteration":250,"passed_time":5.159772325,"remaining_time":15.39708953},
{"learn":[0.874990409],"iteration":251,"passed_time":5.185261161,"remaining_time":15.39117202},
{"learn":[0.874591244],"iteration":252,"passed_time":5.208160289,"remaining_time":15.3774535},
{"learn":[0.8742856174],"iteration":253,"passed_time":5.227882587,"remaining_time":15.35433232},
{"learn":[0.8738944989],"iteration":254,"passed_time":5.249474432,"remaining_time":15.33669981},
{"learn":[0.8733946534],"iteration":255,"passed_time":5.274236208,"remaining_time":15.32824898},
{"learn":[0.8730077669],"iteration":256,"passed_time":5.29961773,"remaining_time":15.32146293},
{"learn":[0.8726250117],"iteration":257,"passed_time":5.321332816,"remaining_time":15.30398818},
{"learn":[0.8724252633],"iteration":258,"passed_time":5.341130308,"remaining_time":15.28099443},
{"learn":[0.8717156377],"iteration":259,"passed_time":5.371538089,"remaining_time":15.28822379},
{"learn":[0.8713779442],"iteration":260,"passed_time":5.397546136,"remaining_time":15.28270726},
{"learn":[0.8710570826],"iteration":261,"passed_time":5.421441363,"remaining_time":15.27108292},
{"learn":[0.8707150958],"iteration":262,"passed_time":5.443490415,"remaining_time":15.25419177},
{"learn":[0.8703932575],"iteration":263,"passed_time":5.464905087,"remaining_time":15.23549297},
{"learn":[0.8698905235],"iteration":264,"passed_time":5.483573319,"remaining_time":15.20915619},
{"learn":[0.869587051],"iteration":265,"passed_time":5.502615622,"remaining_time":15.18390927},
{"learn":[0.8692639298],"iteration":266,"passed_time":5.523338372,"remaining_time":15.1633222},
{"learn":[0.8686512545],"iteration":267,"passed_time":5.543823207,"remaining_time":15.14208428},
{"learn":[0.8682519583],"iteration":268,"passed_time":5.563473679,"remaining_time":15.11858461},
{"learn":[0.8677843507],"iteration":269,"passed_time":5.582330825,"remaining_time":15.09296853},
{"learn":[0.8673077242],"iteration":270,"passed_time":5.602395723,"remaining_time":15.07065123},
{"learn":[0.867068394],"iteration":271,"passed_time":5.620323132,"remaining_time":15.04262956},
{"learn":[0.8665072307],"iteration":272,"passed_time":5.644673092,"remaining_time":15.03178512},
{"learn":[0.8661286844],"iteration":273,"passed_time":5.666492008,"remaining_time":15.01413576},
{"learn":[0.8656510978],"iteration":274,"passed_time":5.687186258,"remaining_time":14.99349104},
{"learn":[0.8654928317],"iteration":275,"passed_time":5.706287865,"remaining_time":14.96866817},
{"learn":[0.8652620591],"iteration":276,"passed_time":5.725281642,"remaining_time":14.94360515},
{"learn":[0.8649587983],"iteration":277,"passed_time":5.745166944,"remaining_time":14.9209012},
{"learn":[0.864882121],"iteration":278,"passed_time":5.762670139,"remaining_time":14.89206154},
{"learn":[0.8647025766],"iteration":279,"passed_time":5.780758728,"remaining_time":14.86480816},
{"learn":[0.8642883845],"iteration":280,"passed_time":5.8010749,"remaining_time":14.84331976},
{"learn":[0.8639209975],"iteration":281,"passed_time":5.819755434,"remaining_time":14.81767518},
{"learn":[0.8636029816],"iteration":282,"passed_time":5.840267693,"remaining_time":14.79672062},
{"learn":[0.8631231428],"iteration":283,"passed_time":5.8622744,"remaining_time":14.77953687},
{"learn":[0.8627693023],"iteration":284,"passed_time":5.880617879,"remaining_time":14.75312906},
{"learn":[0.8623556793],"iteration":285,"passed_time":5.902916091,"remaining_time":14.73665066},
{"learn":[0.8619649066],"iteration":286,"passed_time":5.923872323,"remaining_time":14.71679779},
{"learn":[0.8618384214],"iteration":287,"passed_time":5.947047253,"remaining_time":14.70242238},
{"learn":[0.8615698792],"iteration":288,"passed_time":5.968238756,"remaining_time":14.68310642},
{"learn":[0.8614134799],"iteration":289,"passed_time":5.986656927,"remaining_time":14.65698765},
{"learn":[0.8607713589],"iteration":290,"passed_time":6.007617121,"remaining_time":14.63711525},
{"learn":[0.8605163953],"iteration":291,"passed_time":6.028566156,"remaining_time":14.61720835},
{"learn":[0.860184743],"iteration":292,"passed_time":6.049069613,"remaining_time":14.59621917},
{"learn":[0.8599738981],"iteration":293,"passed_time":6.067805811,"remaining_time":14.57098946},
{"learn":[0.8598601883],"iteration":294,"passed_time":6.085790031,"remaining_time":14.54400668},
{"learn":[0.8595758016],"iteration":295,"passed_time":6.106135965,"remaining_time":14.52270175},
{"learn":[0.8590216886],"iteration":296,"passed_time":6.127785802,"remaining_time":14.50448963},
{"learn":[0.858776071],"iteration":297,"passed_time":6.146715341,"remaining_time":14.47984621},
{"learn":[0.8585642325],"iteration":298,"passed_time":6.165201842,"remaining_time":14.45420231},
{"learn":[0.8582596304],"iteration":299,"passed_time":6.184460312,"remaining_time":14.4304074},
{"learn":[0.8578127335],"iteration":300,"passed_time":6.204665929,"remaining_time":14.40884214},
{"learn":[0.8572508858],"iteration":301,"passed_time":6.226174567,"remaining_time":14.39029751},
{"learn":[0.8568983857],"iteration":302,"passed_time":6.247196365,"remaining_time":14.37061342},
{"learn":[0.8564256752],"iteration":303,"passed_time":6.268963929,"remaining_time":14.35262794},
{"learn":[0.8558559409],"iteration":304,"passed_time":6.292578496,"remaining_time":14.33882641},
{"learn":[0.8554396935],"iteration":305,"passed_time":6.314615627,"remaining_time":14.32138315},
{"learn":[0.8551596439],"iteration":306,"passed_time":6.336963406,"remaining_time":14.30461121},
{"learn":[0.8551045053],"iteration":307,"passed_time":6.357513216,"remaining_time":14.28376346},
{"learn":[0.8546714322],"iteration":308,"passed_time":6.380956189,"remaining_time":14.26938746},
{"learn":[0.8542482313],"iteration":309,"passed_time":6.399922142,"remaining_time":14.24498799},
{"learn":[0.8540871495],"iteration":310,"passed_time":6.418154325,"remaining_time":14.21899784},
{"learn":[0.8538074312],"iteration":311,"passed_time":6.437757898,"remaining_time":14.19608152},
{"learn":[0.8533379435],"iteration":312,"passed_time":6.459821947,"remaining_time":14.17858683},
{"learn":[0.853132393],"iteration":313,"passed_time":6.479024273,"remaining_time":14.15481099},
{"learn":[0.8526794916],"iteration":314,"passed_time":6.498398296,"remaining_time":14.13143756},
{"learn":[0.8522309002],"iteration":315,"passed_time":6.518081876,"remaining_time":14.1087595},
{"learn":[0.8520748299],"iteration":316,"passed_time":6.535273201,"remaining_time":14.08073059},
{"learn":[0.8518948931],"iteration":317,"passed_time":6.555626013,"remaining_time":14.05955013},
{"learn":[0.8516978418],"iteration":318,"passed_time":6.578695361,"remaining_time":14.04417411},
{"learn":[0.8515672187],"iteration":319,"passed_time":6.600528962,"remaining_time":14.02612404},
{"learn":[0.8510993727],"iteration":320,"passed_time":6.622885097,"remaining_time":14.0091557},
{"learn":[0.8508604934],"iteration":321,"passed_time":6.643957554,"remaining_time":13.989451},
{"learn":[0.8504919111],"iteration":322,"passed_time":6.664717645,"remaining_time":13.96908311},
{"learn":[0.8504011838],"iteration":323,"passed_time":6.683191084,"remaining_time":13.94394189},
{"learn":[0.8500547256],"iteration":324,"passed_time":6.706171145,"remaining_time":13.92820161},
{"learn":[0.8496707885],"iteration":325,"passed_time":6.726981139,"remaining_time":13.90793033},
{"learn":[0.8494409184],"iteration":326,"passed_time":6.744203268,"remaining_time":13.88027156},
{"learn":[0.8491227992],"iteration":327,"passed_time":6.766570186,"remaining_time":13.86321697},
{"learn":[0.8488748612],"iteration":328,"passed_time":6.789474448,"remaining_time":13.847226},
{"learn":[0.8483298182],"iteration":329,"passed_time":6.810011174,"remaining_time":13.82638632},
{"learn":[0.8479316063],"iteration":330,"passed_time":6.829412942,"remaining_time":13.80325456},
{"learn":[0.8473636422],"iteration":331,"passed_time":6.853000681,"remaining_time":13.78856763},
{"learn":[0.8470232933],"iteration":332,"passed_time":6.87529761,"remaining_time":13.77124176},
{"learn":[0.8468203364],"iteration":333,"passed_time":6.895918871,"remaining_time":13.75054481},
{"learn":[0.8463488814],"iteration":334,"passed_time":6.916105835,"remaining_time":13.72898621},
{"learn":[0.8460536908],"iteration":335,"passed_time":6.93645155,"remaining_time":13.70774949},
{"learn":[0.8455268639],"iteration":336,"passed_time":6.963241297,"remaining_time":13.69919579},
{"learn":[0.8450543011],"iteration":337,"passed_time":6.986331948,"remaining_time":13.6832892},
{"learn":[0.8447786102],"iteration":338,"passed_time":7.00773288,"remaining_time":13.66404553},
{"learn":[0.8443915854],"iteration":339,"passed_time":7.029333811,"remaining_time":13.6451774},
{"learn":[0.8440412924],"iteration":340,"passed_time":7.04913845,"remaining_time":13.62282181},
{"learn":[0.8438035275],"iteration":341,"passed_time":7.068520643,"remaining_time":13.59966837},
{"learn":[0.8435881581],"iteration":342,"passed_time":7.088023329,"remaining_time":13.57676772},
{"learn":[0.8432497168],"iteration":343,"passed_time":7.111414581,"remaining_time":13.56130222},
{"learn":[0.8429542706],"iteration":344,"passed_time":7.133510796,"remaining_time":13.54333209},
{"learn":[0.8426241345],"iteration":345,"passed_time":7.1550344,"remaining_time":13.52425577},
{"learn":[0.8423360259],"iteration":346,"passed_time":7.175682638,"remaining_time":13.50351805},
{"learn":[0.8418996598],"iteration":347,"passed_time":7.197797537,"remaining_time":13.48552872},
{"learn":[0.841818141],"iteration":348,"passed_time":7.214759076,"remaining_time":13.45790303},
{"learn":[0.8415097642],"iteration":349,"passed_time":7.232529352,"remaining_time":13.43184023},
{"learn":[0.841222962],"iteration":350,"passed_time":7.250968481,"remaining_time":13.40706138},
{"learn":[0.8406768407],"iteration":351,"passed_time":7.275111209,"remaining_time":13.39281836},
{"learn":[0.8400662728],"iteration":352,"passed_time":7.299011349,"remaining_time":13.37807463},
{"learn":[0.8398011594],"iteration":353,"passed_time":7.318161613,"remaining_time":13.35461131},
{"learn":[0.8394459498],"iteration":354,"passed_time":7.337206871,"remaining_time":13.3309815},
{"learn":[0.8389894726],"iteration":355,"passed_time":7.357380892,"remaining_time":13.30941937},
{"learn":[0.8387585342],"iteration":356,"passed_time":7.376785976,"remaining_time":13.28648006},
{"learn":[0.8385716706],"iteration":357,"passed_time":7.396037879,"remaining_time":13.2632858},
{"learn":[0.8381897877],"iteration":358,"passed_time":7.41714623,"remaining_time":13.24342823},
{"learn":[0.8380700456],"iteration":359,"passed_time":7.43665158,"remaining_time":13.22071392},
{"learn":[0.8376779796],"iteration":360,"passed_time":7.456917408,"remaining_time":13.1993635},
{"learn":[0.8374311243],"iteration":361,"passed_time":7.477483978,"remaining_time":13.17854911},
{"learn":[0.8369772514],"iteration":362,"passed_time":7.498544484,"remaining_time":13.15860286},
{"learn":[0.8367292795],"iteration":363,"passed_time":7.52048281,"remaining_time":13.14018425},
{"learn":[0.8364321554],"iteration":364,"passed_time":7.53925685,"remaining_time":13.11624137},
{"learn":[0.836146878],"iteration":365,"passed_time":7.556154987,"remaining_time":13.08907722},
{"learn":[0.8359817815],"iteration":366,"passed_time":7.582172616,"remaining_time":13.07769827},
{"learn":[0.8357517186],"iteration":367,"passed_time":7.602065401,"remaining_time":13.05572101},
{"learn":[0.8354887404],"iteration":368,"passed_time":7.619810343,"remaining_time":13.03008219},
{"learn":[0.8351462628],"iteration":369,"passed_time":7.638214739,"remaining_time":13.00560888},
{"learn":[0.8348961129],"iteration":370,"passed_time":7.659305574,"remaining_time":12.98572293},
{"learn":[0.8346380129],"iteration":371,"passed_time":7.680037065,"remaining_time":12.96522386},
{"learn":[0.834261809],"iteration":372,"passed_time":7.70459115,"remaining_time":12.9511492},
{"learn":[0.8337954432],"iteration":373,"passed_time":7.727311141,"remaining_time":12.93394859},
{"learn":[0.8335564343],"iteration":374,"passed_time":7.744149017,"remaining_time":12.90691503},
{"learn":[0.8333851734],"iteration":375,"passed_time":7.763118,"remaining_time":12.88347243},
{"learn":[0.8327275046],"iteration":376,"passed_time":7.784893945,"remaining_time":12.86469212},
{"learn":[0.8323389295],"iteration":377,"passed_time":7.805445177,"remaining_time":12.84388069},
{"learn":[0.8321846818],"iteration":378,"passed_time":7.825147215,"remaining_time":12.82167921},
{"learn":[0.83166622],"iteration":379,"passed_time":7.849784852,"remaining_time":12.80754371},
{"learn":[0.8312713636],"iteration":380,"passed_time":7.871021545,"remaining_time":12.78782765},
{"learn":[0.8308475151],"iteration":381,"passed_time":7.891384845,"remaining_time":12.76669067},
{"learn":[0.8305667776],"iteration":382,"passed_time":7.910205832,"remaining_time":12.7430731},
{"learn":[0.8303580258],"iteration":383,"passed_time":7.927928295,"remaining_time":12.71771831},
{"learn":[0.8300797019],"iteration":384,"passed_time":7.946987809,"remaining_time":12.69453897},
{"learn":[0.8298647802],"iteration":385,"passed_time":7.970057242,"remaining_time":12.67775945},
{"learn":[0.8296293184],"iteration":386,"passed_time":7.99021242,"remaining_time":12.6563313},
{"learn":[0.8294325288],"iteration":387,"passed_time":8.010955155,"remaining_time":12.63583648},
{"learn":[0.8292865283],"iteration":388,"passed_time":8.031175859,"remaining_time":12.61452044},
{"learn":[0.8290205847],"iteration":389,"passed_time":8.04983766,"remaining_time":12.59077173},
{"learn":[0.8287788983],"iteration":390,"passed_time":8.068783473,"remaining_time":12.56749139},
{"learn":[0.8285262068],"iteration":391,"passed_time":8.089535124,"remaining_time":12.54703407},
{"learn":[0.828284669],"iteration":392,"passed_time":8.110869193,"remaining_time":12.52747481},
{"learn":[0.827970863],"iteration":393,"passed_time":8.134710505,"remaining_time":12.51176286},
{"learn":[0.8276343961],"iteration":394,"passed_time":8.156550342,"remaining_time":12.49294419},
{"learn":[0.827197907],"iteration":395,"passed_time":8.177020276,"remaining_time":12.47202083},
{"learn":[0.8269475657],"iteration":396,"passed_time":8.196966665,"remaining_time":12.45030453},
{"learn":[0.8266015615],"iteration":397,"passed_time":8.218039503,"remaining_time":12.43030096},
{"learn":[0.826340807],"iteration":398,"passed_time":8.236772375,"remaining_time":12.40676741},
{"learn":[0.8258366359],"iteration":399,"passed_time":8.256797733,"remaining_time":12.3851966},
{"learn":[0.8255342406],"iteration":400,"passed_time":8.275514767,"remaining_time":12.36167917},
{"learn":[0.8251153281],"iteration":401,"passed_time":8.298291845,"remaining_time":12.34422518},
{"learn":[0.8248598573],"iteration":402,"passed_time":8.32067703,"remaining_time":12.32616424},
{"learn":[0.8247907711],"iteration":403,"passed_time":8.340937003,"remaining_time":12.30494667},
{"learn":[0.8244401762],"iteration":404,"passed_time":8.36510171,"remaining_time":12.28947041},
{"learn":[0.8240452004],"iteration":405,"passed_time":8.386316224,"remaining_time":12.26963507},
{"learn":[0.8238200058],"iteration":406,"passed_time":8.406905087,"remaining_time":12.24888137},
{"learn":[0.823401707],"iteration":407,"passed_time":8.429890368,"remaining_time":12.23160563},
{"learn":[0.8233369309],"iteration":408,"passed_time":8.448705228,"remaining_time":12.20827577},
{"learn":[0.8228288494],"iteration":409,"passed_time":8.47289472,"remaining_time":12.19270216},
{"learn":[0.8225747242],"iteration":410,"passed_time":8.4972563,"remaining_time":12.17733324},
{"learn":[0.8224163263],"iteration":411,"passed_time":8.519138783,"remaining_time":12.15838253},
{"learn":[0.8220782589],"iteration":412,"passed_time":8.540921284,"remaining_time":12.13927553},
{"learn":[0.8216780436],"iteration":413,"passed_time":8.563089736,"remaining_time":12.1207019},
{"learn":[0.8214724899],"iteration":414,"passed_time":8.583964235,"remaining_time":12.10028693},
{"learn":[0.8212310842],"iteration":415,"passed_time":8.603244092,"remaining_time":12.07763113},
{"learn":[0.820910528],"iteration":416,"passed_time":8.624264402,"remaining_time":12.05742481},
{"learn":[0.8205494823],"iteration":417,"passed_time":8.643299543,"remaining_time":12.03445056},
{"learn":[0.8202526516],"iteration":418,"passed_time":8.662187178,"remaining_time":12.01129057},
{"learn":[0.8199736981],"iteration":419,"passed_time":8.682618969,"remaining_time":11.99028334},
{"learn":[0.8195175756],"iteration":420,"passed_time":8.705111745,"remaining_time":11.9721133},
{"learn":[0.8192774219],"iteration":421,"passed_time":8.723972236,"remaining_time":11.94894776},
{"learn":[0.8187310482],"iteration":422,"passed_time":8.748294532,"remaining_time":11.93325283},
{"learn":[0.8184049307],"iteration":423,"passed_time":8.767029232,"remaining_time":11.9099265},
{"learn":[0.8180424632],"iteration":424,"passed_time":8.787027082,"remaining_time":11.88833076},
{"learn":[0.8177995169],"iteration":425,"passed_time":8.806986915,"remaining_time":11.86669129},
{"learn":[0.8175654395],"iteration":426,"passed_time":8.826094403,"remaining_time":11.84391591},
{"learn":[0.8171710122],"iteration":427,"passed_time":8.847044935,"remaining_time":11.8236208},
{"learn":[0.8168421612],"iteration":428,"passed_time":8.86667745,"remaining_time":11.80156835},
{"learn":[0.8166511016],"iteration":429,"passed_time":8.884914311,"remaining_time":11.77767711},
{"learn":[0.8163521831],"iteration":430,"passed_time":8.905479803,"remaining_time":11.75688633},
{"learn":[0.8161673794],"iteration":431,"passed_time":8.924289821,"remaining_time":11.73378847},
{"learn":[0.8160062308],"iteration":432,"passed_time":8.943694088,"remaining_time":11.71148856},
{"learn":[0.8158558301],"iteration":433,"passed_time":8.968711902,"remaining_time":11.6965229},
{"learn":[0.8155659551],"iteration":434,"passed_time":8.991737348,"remaining_time":11.67892322},
{"learn":[0.815251724],"iteration":435,"passed_time":9.012163625,"remaining_time":11.65793643},
{"learn":[0.8150668281],"iteration":436,"passed_time":9.032801434,"remaining_time":11.63722473},
{"learn":[0.8149017214],"iteration":437,"passed_time":9.051394174,"remaining_time":11.61388933},
{"learn":[0.8144964391],"iteration":438,"passed_time":9.072289989,"remaining_time":11.59351864},
{"learn":[0.8143110518],"iteration":439,"passed_time":9.090513666,"remaining_time":11.56974467},
{"learn":[0.8140675224],"iteration":440,"passed_time":9.109052395,"remaining_time":11.54639521},
{"learn":[0.8138807857],"iteration":441,"passed_time":9.127019124,"remaining_time":11.52234541},
{"learn":[0.8137173724],"iteration":442,"passed_time":9.149010499,"remaining_time":11.5033834},
{"learn":[0.8135490354],"iteration":443,"passed_time":9.170082065,"remaining_time":11.48325592},
{"learn":[0.8132747193],"iteration":444,"passed_time":9.189197662,"remaining_time":11.46068472},
{"learn":[0.8129771166],"iteration":445,"passed_time":9.208355059,"remaining_time":11.43818095},
{"learn":[0.8127196672],"iteration":446,"passed_time":9.228728006,"remaining_time":11.41719594},
{"learn":[0.8125856974],"iteration":447,"passed_time":9.247225567,"remaining_time":11.39390293},
{"learn":[0.8122827653],"iteration":448,"passed_time":9.266965426,"remaining_time":11.37215579},
{"learn":[0.8120190022],"iteration":449,"passed_time":9.28804703,"remaining_time":11.35205748},
{"learn":[0.8118285786],"iteration":450,"passed_time":9.306204451,"remaining_time":11.32839522},
{"learn":[0.811409743],"iteration":451,"passed_time":9.327017731,"remaining_time":11.30797725},
{"learn":[0.8112004638],"iteration":452,"passed_time":9.346965031,"remaining_time":11.28651186},
{"learn":[0.8108917671],"iteration":453,"passed_time":9.364486108,"remaining_time":11.26213528},
{"learn":[0.810608415],"iteration":454,"passed_time":9.383434936,"remaining_time":11.23949899},
{"learn":[0.8102838535],"iteration":455,"passed_time":9.404098872,"remaining_time":11.21892497},
{"learn":[0.8101236544],"iteration":456,"passed_time":9.422179247,"remaining_time":11.19528081},
{"learn":[0.8098796918],"iteration":457,"passed_time":9.442065089,"remaining_time":11.17379755},
{"learn":[0.8094899288],"iteration":458,"passed_time":9.467104592,"remaining_time":11.15839561},
{"learn":[0.8090935779],"iteration":459,"passed_time":9.489181072,"remaining_time":11.13947343},
{"learn":[0.8089188581],"iteration":460,"passed_time":9.509193142,"remaining_time":11.11812387},
{"learn":[0.8087874485],"iteration":461,"passed_time":9.52828673,"remaining_time":11.09571052},
{"learn":[0.80832072],"iteration":462,"passed_time":9.550623846,"remaining_time":11.07707345},
{"learn":[0.8079820414],"iteration":463,"passed_time":9.571043931,"remaining_time":11.05620592},
{"learn":[0.8078134732],"iteration":464,"passed_time":9.591057775,"remaining_time":11.03487292},
{"learn":[0.8076253484],"iteration":465,"passed_time":9.611085197,"remaining_time":11.01356115},
{"learn":[0.8073347396],"iteration":466,"passed_time":9.631605109,"remaining_time":10.99281697},
{"learn":[0.807184915],"iteration":467,"passed_time":9.652409062,"remaining_time":10.97239663},
{"learn":[0.8068651554],"iteration":468,"passed_time":9.671942543,"remaining_time":10.95053623},
{"learn":[0.8066437989],"iteration":469,"passed_time":9.693828076,"remaining_time":10.93133804},
{"learn":[0.8062472043],"iteration":470,"passed_time":9.716244747,"remaining_time":10.91272499},
{"learn":[0.8060993734],"iteration":471,"passed_time":9.734036487,"remaining_time":10.88892217},
{"learn":[0.805677374],"iteration":472,"passed_time":9.75985006,"remaining_time":10.87408241},
{"learn":[0.8055115378],"iteration":473,"passed_time":9.777920658,"remaining_time":10.85060394},
{"learn":[0.8053381902],"iteration":474,"passed_time":9.796479201,"remaining_time":10.82768754},
{"learn":[0.80527345],"iteration":475,"passed_time":9.816652667,"remaining_time":10.80656722},
{"learn":[0.8050363388],"iteration":476,"passed_time":9.835242105,"remaining_time":10.78371409},
{"learn":[0.804671555],"iteration":477,"passed_time":9.859531302,"remaining_time":10.76710322},
{"learn":[0.8045076854],"iteration":478,"passed_time":9.877106449,"remaining_time":10.74315754},
{"learn":[0.8041842706],"iteration":479,"passed_time":9.896227011,"remaining_time":10.72091259},
{"learn":[0.8038524483],"iteration":480,"passed_time":9.918457924,"remaining_time":10.70203672},
{"learn":[0.80364617],"iteration":481,"passed_time":9.939056755,"remaining_time":10.68139294},
{"learn":[0.8032991005],"iteration":482,"passed_time":9.959103631,"remaining_time":10.66015855},
{"learn":[0.8030873932],"iteration":483,"passed_time":9.984689789,"remaining_time":10.64483457},
{"learn":[0.8029432221],"iteration":484,"passed_time":10.00565662,"remaining_time":10.62456322},
{"learn":[0.8026436285],"iteration":485,"passed_time":10.02432045,"remaining_time":10.60185332},
{"learn":[0.8024943754],"iteration":486,"passed_time":10.04269454,"remaining_time":10.57885482},
{"learn":[0.8021092009],"iteration":487,"passed_time":10.08290153,"remaining_time":10.57878193},
{"learn":[0.8018514846],"iteration":488,"passed_time":10.10149877,"remaining_time":10.55596293},
{"learn":[0.8014438019],"iteration":489,"passed_time":10.12359209,"remaining_time":10.53679993},
{"learn":[0.8012462],"iteration":490,"passed_time":10.14359813,"remaining_time":10.5154612},
{"learn":[0.8010089063],"iteration":491,"passed_time":10.16342796,"remaining_time":10.49394594},
{"learn":[0.8008849013],"iteration":492,"passed_time":10.18203973,"remaining_time":10.47118487},
{"learn":[0.8006710015],"iteration":493,"passed_time":10.202067,"remaining_time":10.44989049},
{"learn":[0.8005696596],"iteration":494,"passed_time":10.22024432,"remaining_time":10.4267139},
{"learn":[0.8003413749],"iteration":495,"passed_time":10.23978439,"remaining_time":10.4049422},
{"learn":[0.8001621066],"iteration":496,"passed_time":10.25897114,"remaining_time":10.38282189},
{"learn":[0.7999812464],"iteration":497,"passed_time":10.27875191,"remaining_time":10.36131217},
{"learn":[0.7996860953],"iteration":498,"passed_time":10.29924809,"remaining_time":10.34052764},
{"learn":[0.7994509405],"iteration":499,"passed_time":10.31948961,"remaining_time":10.31948961},
{"learn":[0.799018684],"iteration":500,"passed_time":10.3402546,"remaining_time":10.29897614},
{"learn":[0.7986834238],"iteration":501,"passed_time":10.35906375,"remaining_time":10.27652141},
{"learn":[0.7984136219],"iteration":502,"passed_time":10.38097079,"remaining_time":10.25714211},
{"learn":[0.7981648027],"iteration":503,"passed_time":10.40073308,"remaining_time":10.23564208},
{"learn":[0.7980330903],"iteration":504,"passed_time":10.41996213,"remaining_time":10.21362624},
{"learn":[0.7978482328],"iteration":505,"passed_time":10.441126,"remaining_time":10.19351036},
{"learn":[0.7976230422],"iteration":506,"passed_time":10.46045023,"remaining_time":10.1716015},
{"learn":[0.7975192384],"iteration":507,"passed_time":10.47951063,"remaining_time":10.14944731},
{"learn":[0.7972407252],"iteration":508,"passed_time":10.49998965,"remaining_time":10.12867371},
{"learn":[0.7967550432],"iteration":509,"passed_time":10.51976248,"remaining_time":10.10722278},
{"learn":[0.7964109586],"iteration":510,"passed_time":10.54013349,"remaining_time":10.08635083},
{"learn":[0.796204346],"iteration":511,"passed_time":10.5597719,"remaining_time":10.06478259},
{"learn":[0.7959325348],"iteration":512,"passed_time":10.57975097,"remaining_time":10.04354526},
{"learn":[0.7958195832],"iteration":513,"passed_time":10.5991747,"remaining_time":10.02178775},
{"learn":[0.7955429171],"iteration":514,"passed_time":10.61827746,"remaining_time":9.999737022},
{"learn":[0.7951291116],"iteration":515,"passed_time":10.63856476,"remaining_time":9.978808809},
{"learn":[0.7949423876],"iteration":516,"passed_time":10.65936012,"remaining_time":9.958357715},
{"learn":[0.794875344],"iteration":517,"passed_time":10.6781979,"remaining_time":9.936083758},
{"learn":[0.7945763723],"iteration":518,"passed_time":10.70050005,"remaining_time":9.917033767},
{"learn":[0.7943021624],"iteration":519,"passed_time":10.71948566,"remaining_time":9.894909845},
{"learn":[0.7940059477],"iteration":520,"passed_time":10.74008198,"remaining_time":9.874278828},
{"learn":[0.7938230849],"iteration":521,"passed_time":10.75898041,"remaining_time":9.852093173},
{"learn":[0.7932650059],"iteration":522,"passed_time":10.78146354,"remaining_time":9.833189499},
{"learn":[0.7931469192],"iteration":523,"passed_time":10.80168958,"remaining_time":9.812221834},
{"learn":[0.7929870442],"iteration":524,"passed_time":10.82053878,"remaining_time":9.790011281},
{"learn":[0.79275679],"iteration":525,"passed_time":10.84364128,"remaining_time":9.771646321},
{"learn":[0.792346453],"iteration":526,"passed_time":10.86909196,"remaining_time":9.755370966},
{"learn":[0.791858903],"iteration":527,"passed_time":10.89323744,"remaining_time":9.737894073},
{"learn":[0.7915009837],"iteration":528,"passed_time":10.91429903,"remaining_time":9.717646203},
{"learn":[0.7911941894],"iteration":529,"passed_time":10.9374197,"remaining_time":9.699221243},
{"learn":[0.791058909],"iteration":530,"passed_time":10.95663948,"remaining_time":9.677333172},
{"learn":[0.7908980009],"iteration":531,"passed_time":10.97443631,"remaining_time":9.65420337},
{"learn":[0.7907225678],"iteration":532,"passed_time":11.00635984,"remaining_time":9.643471001},
{"learn":[0.7905338571],"iteration":533,"passed_time":11.02640848,"remaining_time":9.622296536},
{"learn":[0.7903477389],"iteration":534,"passed_time":11.04605515,"remaining_time":9.600776904},
{"learn":[0.7899458929],"iteration":535,"passed_time":11.06403243,"remaining_time":9.577819118},
{"learn":[0.789586026],"iteration":536,"passed_time":11.08341226,"remaining_time":9.556089154},
{"learn":[0.7892797553],"iteration":537,"passed_time":11.10542077,"remaining_time":9.536625269},
{"learn":[0.7888977631],"iteration":538,"passed_time":11.12714792,"remaining_time":9.516911303},
{"learn":[0.7887059976],"iteration":539,"passed_time":11.14790204,"remaining_time":9.496360999},
{"learn":[0.7885687086],"iteration":540,"passed_time":11.16737971,"remaining_time":9.474726966},
{"learn":[0.787938315],"iteration":541,"passed_time":11.18886443,"remaining_time":9.454796884},
{"learn":[0.7874364573],"iteration":542,"passed_time":11.21135085,"remaining_time":9.435704121},
{"learn":[0.787050141],"iteration":543,"passed_time":11.23356567,"remaining_time":9.416371226},
{"learn":[0.7868825494],"iteration":544,"passed_time":11.25246336,"remaining_time":9.394258402},
{"learn":[0.7867546874],"iteration":545,"passed_time":11.27110394,"remaining_time":9.371943569},
{"learn":[0.7865101978],"iteration":546,"passed_time":11.29725146,"remaining_time":9.355859073},
{"learn":[0.7863674662],"iteration":547,"passed_time":11.3161638,"remaining_time":9.333770143},
{"learn":[0.7861831325],"iteration":548,"passed_time":11.33622095,"remaining_time":9.31263324},
{"learn":[0.7860202338],"iteration":549,"passed_time":11.35369864,"remaining_time":9.289389793},
{"learn":[0.7855810035],"iteration":550,"passed_time":11.37352712,"remaining_time":9.2680829},
{"learn":[0.7852711674],"iteration":551,"passed_time":11.39640177,"remaining_time":9.249253612},
{"learn":[0.7847974316],"iteration":552,"passed_time":11.41879857,"remaining_time":9.230023436},
{"learn":[0.784616681],"iteration":553,"passed_time":11.43888704,"remaining_time":9.2089235},
{"learn":[0.784406109],"iteration":554,"passed_time":11.45731322,"remaining_time":9.186494386},
{"learn":[0.7838490724],"iteration":555,"passed_time":11.47839144,"remaining_time":9.166197477},
{"learn":[0.7836586817],"iteration":556,"passed_time":11.49969685,"remaining_time":9.146078464},
{"learn":[0.7833399691],"iteration":557,"passed_time":11.5208304,"remaining_time":9.125819059},
{"learn":[0.7828750182],"iteration":558,"passed_time":11.54458913,"remaining_time":9.107627561},
{"learn":[0.7824188615],"iteration":559,"passed_time":11.56892436,"remaining_time":9.089869139},
{"learn":[0.782052744],"iteration":560,"passed_time":11.59169002,"remaining_time":9.070859032},
{"learn":[0.7817089795],"iteration":561,"passed_time":11.61251479,"remaining_time":9.050322916},
{"learn":[0.7815858766],"iteration":562,"passed_time":11.63123114,"remaining_time":9.028149215},
{"learn":[0.7814796535],"iteration":563,"passed_time":11.64915712,"remaining_time":9.005376782},
{"learn":[0.7811727784],"iteration":564,"passed_time":11.67024813,"remaining_time":8.985058296},
{"learn":[0.7809370092],"iteration":565,"passed_time":11.69200333,"remaining_time":8.965246373},
{"learn":[0.7805552877],"iteration":566,"passed_time":11.71228365,"remaining_time":8.944301273},
{"learn":[0.7803242427],"iteration":567,"passed_time":11.73619728,"remaining_time":8.926121873},
{"learn":[0.7801785668],"iteration":568,"passed_time":11.75546024,"remaining_time":8.904399584},
{"learn":[0.7799292587],"iteration":569,"passed_time":11.7751406,"remaining_time":8.883000803},
{"learn":[0.7795883049],"iteration":570,"passed_time":11.79600407,"remaining_time":8.862496927},
{"learn":[0.7794129125],"iteration":571,"passed_time":11.81397115,"remaining_time":8.839824568},
{"learn":[0.7792071332],"iteration":572,"passed_time":11.83544061,"remaining_time":8.819778605},
{"learn":[0.7789641311],"iteration":573,"passed_time":11.85236605,"remaining_time":8.796355288},
{"learn":[0.7786922542],"iteration":574,"passed_time":11.87240331,"remaining_time":8.775254617},
{"learn":[0.778336661],"iteration":575,"passed_time":11.89390212,"remaining_time":8.755233502},
{"learn":[0.7779734577],"iteration":576,"passed_time":11.91811091,"remaining_time":8.737193961},
{"learn":[0.7776630691],"iteration":577,"passed_time":11.93949091,"remaining_time":8.717067759},
{"learn":[0.7772434572],"iteration":578,"passed_time":11.96054148,"remaining_time":8.696697692},
{"learn":[0.7769357747],"iteration":579,"passed_time":11.98148619,"remaining_time":8.676248622},
{"learn":[0.7766768314],"iteration":580,"passed_time":12.00983662,"remaining_time":8.661138631},
{"learn":[0.7764666536],"iteration":581,"passed_time":12.03047333,"remaining_time":8.640443045},
{"learn":[0.7763250643],"iteration":582,"passed_time":12.05004176,"remaining_time":8.618983558},
{"learn":[0.7759656844],"iteration":583,"passed_time":12.0719121,"remaining_time":8.599170262},
{"learn":[0.7756572605],"iteration":584,"passed_time":12.09274354,"remaining_time":8.578612939},
{"learn":[0.7754030625],"iteration":585,"passed_time":12.1139546,"remaining_time":8.558322876},
{"learn":[0.7753005224],"iteration":586,"passed_time":12.13473343,"remaining_time":8.537725562},
{"learn":[0.7747610723],"iteration":587,"passed_time":12.15642613,"remaining_time":8.517767972},
{"learn":[0.7743683505],"iteration":588,"passed_time":12.17792191,"remaining_time":8.497667071},
{"learn":[0.7741987769],"iteration":589,"passed_time":12.19752462,"remaining_time":8.47624592},
{"learn":[0.7741004984],"iteration":590,"passed_time":12.21621042,"remaining_time":8.454196379},
{"learn":[0.7739061646],"iteration":591,"passed_time":12.23769203,"remaining_time":8.434085051},
{"learn":[0.7736514846],"iteration":592,"passed_time":12.25686646,"remaining_time":8.412385581},
{"learn":[0.7733225616],"iteration":593,"passed_time":12.27695978,"remaining_time":8.391322678},
{"learn":[0.7731903991],"iteration":594,"passed_time":12.29456794,"remaining_time":8.368571455},
{"learn":[0.7729920063],"iteration":595,"passed_time":12.31459581,"remaining_time":8.347477699},
{"learn":[0.7727848037],"iteration":596,"passed_time":12.33265786,"remaining_time":8.325060496},
{"learn":[0.7726288131],"iteration":597,"passed_time":12.35281903,"remaining_time":8.304068983},
{"learn":[0.7724160252],"iteration":598,"passed_time":12.3701764,"remaining_time":8.281203234},
{"learn":[0.7722088543],"iteration":599,"passed_time":12.39010045,"remaining_time":8.260066964},
{"learn":[0.7718016638],"iteration":600,"passed_time":12.42020149,"remaining_time":8.245691173},
{"learn":[0.7715493259],"iteration":601,"passed_time":12.44229576,"remaining_time":8.225969624},
{"learn":[0.7710528494],"iteration":602,"passed_time":12.46320523,"remaining_time":8.205460161},
{"learn":[0.7708288874],"iteration":603,"passed_time":12.48208353,"remaining_time":8.183617676},
{"learn":[0.7705651158],"iteration":604,"passed_time":12.50330064,"remaining_time":8.163311987},
{"learn":[0.7701778467],"iteration":605,"passed_time":12.52628331,"remaining_time":8.144151194},
{"learn":[0.7699185116],"iteration":606,"passed_time":12.54958064,"remaining_time":8.125181538},
{"learn":[0.7697199444],"iteration":607,"passed_time":12.56925125,"remaining_time":8.103859357},
{"learn":[0.7694995779],"iteration":608,"passed_time":12.58942201,"remaining_time":8.082863723},
{"learn":[0.7693712966],"iteration":609,"passed_time":12.6095241,"remaining_time":8.061826882},
{"learn":[0.7689888605],"iteration":610,"passed_time":12.63192091,"remaining_time":8.042254064},
{"learn":[0.7685624753],"iteration":611,"passed_time":12.65182284,"remaining_time":8.021090296},
{"learn":[0.7684605106],"iteration":612,"passed_time":12.6706796,"remaining_time":7.999270807},
{"learn":[0.7682494203],"iteration":613,"passed_time":12.69450768,"remaining_time":7.980586262},
{"learn":[0.7680850281],"iteration":614,"passed_time":12.7144083,"remaining_time":7.959426334},
{"learn":[0.7679852767],"iteration":615,"passed_time":12.73215348,"remaining_time":7.936926847},
{"learn":[0.7677050706],"iteration":616,"passed_time":12.75213991,"remaining_time":7.915834014},
{"learn":[0.7674184747],"iteration":617,"passed_time":12.77204528,"remaining_time":7.894694655},
{"learn":[0.767248642],"iteration":618,"passed_time":12.79052597,"remaining_time":7.872682383},
{"learn":[0.7670236842],"iteration":619,"passed_time":12.810283,"remaining_time":7.851463772},
{"learn":[0.7668525202],"iteration":620,"passed_time":12.82942976,"remaining_time":7.829877424},
{"learn":[0.7663618249],"iteration":621,"passed_time":12.85245219,"remaining_time":7.810654227},
{"learn":[0.7661209408],"iteration":622,"passed_time":12.87211405,"remaining_time":7.789385228},
{"learn":[0.7658385907],"iteration":623,"passed_time":12.89045017,"remaining_time":7.767322536},
{"learn":[0.7656810844],"iteration":624,"passed_time":12.91053061,"remaining_time":7.746318368},
{"learn":[0.7651563471],"iteration":625,"passed_time":12.93258933,"remaining_time":7.726499054},
{"learn":[0.764966811],"iteration":626,"passed_time":12.95246305,"remaining_time":7.705372757},
{"learn":[0.7647248491],"iteration":627,"passed_time":12.97376327,"remaining_time":7.685095438},
{"learn":[0.7644887465],"iteration":628,"passed_time":12.99282904,"remaining_time":7.663496936},
{"learn":[0.7642301266],"iteration":629,"passed_time":13.02061925,"remaining_time":7.647030351},
{"learn":[0.764015242],"iteration":630,"passed_time":13.0410645,"remaining_time":7.626232645},
{"learn":[0.7636725665],"iteration":631,"passed_time":13.06224606,"remaining_time":7.605864792},
{"learn":[0.7635080753],"iteration":632,"passed_time":13.08196307,"remaining_time":7.584645255},
{"learn":[0.7634011879],"iteration":633,"passed_time":13.10035414,"remaining_time":7.56266501},
{"learn":[0.7633145844],"iteration":634,"passed_time":13.11962295,"remaining_time":7.541200594},
{"learn":[0.7629767619],"iteration":635,"passed_time":13.14216251,"remaining_time":7.521615024},
{"learn":[0.7627404651],"iteration":636,"passed_time":13.16239327,"remaining_time":7.500704483},
{"learn":[0.762555627],"iteration":637,"passed_time":13.18247774,"remaining_time":7.479713074},
{"learn":[0.7623372513],"iteration":638,"passed_time":13.20322662,"remaining_time":7.459099862},
{"learn":[0.7620251136],"iteration":639,"passed_time":13.22441548,"remaining_time":7.438733706},
{"learn":[0.7616467948],"iteration":640,"passed_time":13.24537171,"remaining_time":7.418234702},
{"learn":[0.7615081717],"iteration":641,"passed_time":13.26427538,"remaining_time":7.396589697},
{"learn":[0.7612702914],"iteration":642,"passed_time":13.29006302,"remaining_time":7.37877527},
{"learn":[0.7610262316],"iteration":643,"passed_time":13.33124795,"remaining_time":7.369447622},
{"learn":[0.7607908884],"iteration":644,"passed_time":13.35480312,"remaining_time":7.350317998},
{"learn":[0.7603712366],"iteration":645,"passed_time":13.38343222,"remaining_time":7.333955119},
{"learn":[0.7602285102],"iteration":646,"passed_time":13.4026605,"remaining_time":7.312425283},
{"learn":[0.7599160863],"iteration":647,"passed_time":13.42530018,"remaining_time":7.292755653},
{"learn":[0.7596723222],"iteration":648,"passed_time":13.44665083,"remaining_time":7.272379723},
{"learn":[0.7595682383],"iteration":649,"passed_time":13.4666472,"remaining_time":7.251271572},
{"learn":[0.7592898179],"iteration":650,"passed_time":13.48889111,"remaining_time":7.231371732},
{"learn":[0.7591317366],"iteration":651,"passed_time":13.50575849,"remaining_time":7.208595024},
{"learn":[0.7586113195],"iteration":652,"passed_time":13.52865553,"remaining_time":7.189040536},
{"learn":[0.7582131041],"iteration":653,"passed_time":13.54958571,"remaining_time":7.168435253},
{"learn":[0.7580907102],"iteration":654,"passed_time":13.56820975,"remaining_time":7.146614298},
{"learn":[0.7577327504],"iteration":655,"passed_time":13.58861934,"remaining_time":7.12573941},
{"learn":[0.7575357698],"iteration":656,"passed_time":13.60754357,"remaining_time":7.104090476},
{"learn":[0.7573785568],"iteration":657,"passed_time":13.62786956,"remaining_time":7.083178406},
{"learn":[0.7570995867],"iteration":658,"passed_time":13.65085649,"remaining_time":7.063645014},
{"learn":[0.7569462311],"iteration":659,"passed_time":13.67037099,"remaining_time":7.042312328},
{"learn":[0.7568159144],"iteration":660,"passed_time":13.69999964,"remaining_time":7.026172283},
{"learn":[0.7565760762],"iteration":661,"passed_time":13.72041148,"remaining_time":7.005285617},
{"learn":[0.7562818934],"iteration":662,"passed_time":13.74021938,"remaining_time":6.98409341},
{"learn":[0.7560136248],"iteration":663,"passed_time":13.76106303,"remaining_time":6.963429487},
{"learn":[0.7558399367],"iteration":664,"passed_time":13.77966651,"remaining_time":6.941636513},
{"learn":[0.7555552977],"iteration":665,"passed_time":13.8009096,"remaining_time":6.921176887},
{"learn":[0.7553396186],"iteration":666,"passed_time":13.82111376,"remaining_time":6.900196227},
{"learn":[0.7550122466],"iteration":667,"passed_time":13.84216166,"remaining_time":6.879637234},
{"learn":[0.754891521],"iteration":668,"passed_time":13.8601558,"remaining_time":6.857565875},
{"learn":[0.754618203],"iteration":669,"passed_time":13.88098047,"remaining_time":6.836900827},
{"learn":[0.7543768117],"iteration":670,"passed_time":13.90121038,"remaining_time":6.815943689},
{"learn":[0.7540628478],"iteration":671,"passed_time":13.92017192,"remaining_time":6.794369628},
{"learn":[0.7536952148],"iteration":672,"passed_time":13.9396299,"remaining_time":6.773044542},
{"learn":[0.7535616206],"iteration":673,"passed_time":13.95937486,"remaining_time":6.751863805},
{"learn":[0.7533155978],"iteration":674,"passed_time":13.97961225,"remaining_time":6.730924414},
{"learn":[0.7530337043],"iteration":675,"passed_time":14.00046563,"remaining_time":6.710282341},
{"learn":[0.7526575605],"iteration":676,"passed_time":14.02945392,"remaining_time":6.693520853},
{"learn":[0.7524987854],"iteration":677,"passed_time":14.04822403,"remaining_time":6.671870408},
{"learn":[0.7519661166],"iteration":678,"passed_time":14.07214953,"remaining_time":6.652665682},
{"learn":[0.751786117],"iteration":679,"passed_time":14.09172941,"remaining_time":6.631402075},
{"learn":[0.7515360807],"iteration":680,"passed_time":14.11338087,"remaining_time":6.611113802},
{"learn":[0.7512596042],"iteration":681,"passed_time":14.13421465,"remaining_time":6.59044026},
{"learn":[0.7511648103],"iteration":682,"passed_time":14.15335198,"remaining_time":6.568978884},
{"learn":[0.7507962562],"iteration":683,"passed_time":14.17220706,"remaining_time":6.547393907},
{"learn":[0.7506398352],"iteration":684,"passed_time":14.19096925,"remaining_time":6.525774179},
{"learn":[0.7502976453],"iteration":685,"passed_time":14.21221687,"remaining_time":6.505300435},
{"learn":[0.7501438153],"iteration":686,"passed_time":14.23186865,"remaining_time":6.484097363},
{"learn":[0.7499909215],"iteration":687,"passed_time":14.25154979,"remaining_time":6.462912116},
{"learn":[0.7499097628],"iteration":688,"passed_time":14.26946518,"remaining_time":6.440934211},
{"learn":[0.7497409199],"iteration":689,"passed_time":14.28927053,"remaining_time":6.419817195},
{"learn":[0.7496197075],"iteration":690,"passed_time":14.30844019,"remaining_time":6.398419709},
{"learn":[0.7494573032],"iteration":691,"passed_time":14.3279364,"remaining_time":6.377174004},
{"learn":[0.7492996132],"iteration":692,"passed_time":14.34770216,"remaining_time":6.35605276},
{"learn":[0.7491046654],"iteration":693,"passed_time":14.36790088,"remaining_time":6.335126326},
{"learn":[0.7488836643],"iteration":694,"passed_time":14.38574768,"remaining_time":6.313169843},
{"learn":[0.7484016323],"iteration":695,"passed_time":14.40784763,"remaining_time":6.293082872},
{"learn":[0.7480484528],"iteration":696,"passed_time":14.42930299,"remaining_time":6.272709909},
{"learn":[0.7476731431],"iteration":697,"passed_time":14.44829134,"remaining_time":6.251266453},
{"learn":[0.7473255218],"iteration":698,"passed_time":14.4697093,"remaining_time":6.230876249},
{"learn":[0.7470592301],"iteration":699,"passed_time":14.48879228,"remaining_time":6.209482406},
{"learn":[0.7468605061],"iteration":700,"passed_time":14.50892169,"remaining_time":6.188541493},
{"learn":[0.7464987668],"iteration":701,"passed_time":14.52891256,"remaining_time":6.167544079},
{"learn":[0.7464148886],"iteration":702,"passed_time":14.54754657,"remaining_time":6.145976291},
{"learn":[0.746045079],"iteration":703,"passed_time":14.5680001,"remaining_time":6.125181862},
{"learn":[0.745711522],"iteration":704,"passed_time":14.58744222,"remaining_time":6.103965183},
{"learn":[0.7454892782],"iteration":705,"passed_time":14.60788706,"remaining_time":6.083171099},
{"learn":[0.7453756139],"iteration":706,"passed_time":14.62848319,"remaining_time":6.062440701},
{"learn":[0.7451452269],"iteration":707,"passed_time":14.64804496,"remaining_time":6.041284081},
{"learn":[0.7448986937],"iteration":708,"passed_time":14.66853208,"remaining_time":6.020511755},
{"learn":[0.7448140478],"iteration":709,"passed_time":14.68805595,"remaining_time":5.999346797},
{"learn":[0.7446679735],"iteration":710,"passed_time":14.70715023,"remaining_time":5.978011837},
{"learn":[0.7444957258],"iteration":711,"passed_time":14.72808597,"remaining_time":5.957428033},
{"learn":[0.7442400821],"iteration":712,"passed_time":14.75272566,"remaining_time":5.938334171},
{"learn":[0.7440181724],"iteration":713,"passed_time":14.77385239,"remaining_time":5.917817624},
{"learn":[0.7437260264],"iteration":714,"passed_time":14.7938836,"remaining_time":5.896862694},
{"learn":[0.7434486973],"iteration":715,"passed_time":14.81511812,"remaining_time":5.876387636},
{"learn":[0.7430976043],"iteration":716,"passed_time":14.83671579,"remaining_time":5.856053791},
{"learn":[0.7426268895],"iteration":717,"passed_time":14.8609587,"remaining_time":5.836755368},
{"learn":[0.7424449098],"iteration":718,"passed_time":14.88079901,"remaining_time":5.81572256},
{"learn":[0.7423002873],"iteration":719,"passed_time":14.90031973,"remaining_time":5.794568785},
{"learn":[0.7421726653],"iteration":720,"passed_time":14.91832569,"remaining_time":5.772833379},
{"learn":[0.7420284308],"iteration":721,"passed_time":14.93832198,"remaining_time":5.751874668},
{"learn":[0.7414242257],"iteration":722,"passed_time":14.96306914,"remaining_time":5.732738799},
{"learn":[0.7411422206],"iteration":723,"passed_time":14.98439295,"remaining_time":5.712282396},
{"learn":[0.7409890702],"iteration":724,"passed_time":15.02791216,"remaining_time":5.700242544},
{"learn":[0.7408640476],"iteration":725,"passed_time":15.04975341,"remaining_time":5.679934482},
{"learn":[0.7407382729],"iteration":726,"passed_time":15.08387525,"remaining_time":5.664233758},
{"learn":[0.7405843252],"iteration":727,"passed_time":15.10690355,"remaining_time":5.644337589},
{"learn":[0.7404567034],"iteration":728,"passed_time":15.12839921,"remaining_time":5.623863082},
{"learn":[0.7403358324],"iteration":729,"passed_time":15.14654087,"remaining_time":5.602145253},
{"learn":[0.7402205423],"iteration":730,"passed_time":15.16490382,"remaining_time":5.580518642},
{"learn":[0.7399648061],"iteration":731,"passed_time":15.18427572,"remaining_time":5.559270347},
{"learn":[0.7397553018],"iteration":732,"passed_time":15.2027236,"remaining_time":5.537690589},
{"learn":[0.739582018],"iteration":733,"passed_time":15.22320615,"remaining_time":5.516856726},
{"learn":[0.7394754766],"iteration":734,"passed_time":15.24359553,"remaining_time":5.495990227},
{"learn":[0.739343284],"iteration":735,"passed_time":15.2616198,"remaining_time":5.474276669},
{"learn":[0.739238412],"iteration":736,"passed_time":15.27804434,"remaining_time":5.452002254},
{"learn":[0.739114548],"iteration":737,"passed_time":15.29649392,"remaining_time":5.43046261},
{"learn":[0.7385610226],"iteration":738,"passed_time":15.31984873,"remaining_time":5.410663761},
{"learn":[0.7383699449],"iteration":739,"passed_time":15.34098408,"remaining_time":5.390075488},
{"learn":[0.7381388442],"iteration":740,"passed_time":15.36388447,"remaining_time":5.370102668},
{"learn":[0.7379912287],"iteration":741,"passed_time":15.38367072,"remaining_time":5.349039147},
{"learn":[0.7375176284],"iteration":742,"passed_time":15.41011428,"remaining_time":5.330281792},
{"learn":[0.737279384],"iteration":743,"passed_time":15.42922542,"remaining_time":5.30898079},
{"learn":[0.7370971234],"iteration":744,"passed_time":15.45009888,"remaining_time":5.288288877},
{"learn":[0.7370116089],"iteration":745,"passed_time":15.46931726,"remaining_time":5.267032954},
{"learn":[0.7367961991],"iteration":746,"passed_time":15.48950295,"remaining_time":5.246110103},
{"learn":[0.7365567012],"iteration":747,"passed_time":15.50859488,"remaining_time":5.224820734},
{"learn":[0.7363425362],"iteration":748,"passed_time":15.52924674,"remaining_time":5.204059988},
{"learn":[0.7358930546],"iteration":749,"passed_time":15.54958505,"remaining_time":5.183195016},
{"learn":[0.7356327603],"iteration":750,"passed_time":15.57008693,"remaining_time":5.162385679},
{"learn":[0.7353205345],"iteration":751,"passed_time":15.59043603,"remaining_time":5.141526775},
{"learn":[0.7350637376],"iteration":752,"passed_time":15.609187,"remaining_time":5.120145006},
{"learn":[0.7346380427],"iteration":753,"passed_time":15.62898022,"remaining_time":5.099110256},
{"learn":[0.7342259295],"iteration":754,"passed_time":15.65058712,"remaining_time":5.078667343},
{"learn":[0.7340539246],"iteration":755,"passed_time":15.66967927,"remaining_time":5.057409711},
{"learn":[0.7335521216],"iteration":756,"passed_time":15.69369142,"remaining_time":5.037737139},
{"learn":[0.7332682991],"iteration":757,"passed_time":15.71578454,"remaining_time":5.017440445},
{"learn":[0.7331752276],"iteration":758,"passed_time":15.73134547,"remaining_time":4.995064899},
{"learn":[0.7330573503],"iteration":759,"passed_time":15.74928024,"remaining_time":4.973456918},
{"learn":[0.7328378722],"iteration":760,"passed_time":15.7685551,"remaining_time":4.952279459},
{"learn":[0.7326001343],"iteration":761,"passed_time":15.78889571,"remaining_time":4.931439867},
{"learn":[0.7324334793],"iteration":762,"passed_time":15.80861288,"remaining_time":4.910407933},
{"learn":[0.732235414],"iteration":763,"passed_time":15.82674774,"remaining_time":4.888890664},
{"learn":[0.7319257603],"iteration":764,"passed_time":15.84780358,"remaining_time":4.868279532},
{"learn":[0.7317975418],"iteration":765,"passed_time":15.86657371,"remaining_time":4.846968993},
{"learn":[0.7315777068],"iteration":766,"passed_time":15.88663239,"remaining_time":4.826056515},
{"learn":[0.7314083686],"iteration":767,"passed_time":15.90649032,"remaining_time":4.805085619},
{"learn":[0.7311967259],"iteration":768,"passed_time":15.92424249,"remaining_time":4.783485065},
{"learn":[0.7309489333],"iteration":769,"passed_time":15.94642766,"remaining_time":4.763218652},
{"learn":[0.7307856434],"iteration":770,"passed_time":15.96433885,"remaining_time":4.741677816},
{"learn":[0.7304947451],"iteration":771,"passed_time":15.98667761,"remaining_time":4.721454009},
{"learn":[0.7302654742],"iteration":772,"passed_time":16.00668328,"remaining_time":4.700539593},
{"learn":[0.7300784523],"iteration":773,"passed_time":16.03263856,"remaining_time":4.681364748},
{"learn":[0.7298309294],"iteration":774,"passed_time":16.05392422,"remaining_time":4.660816708},
{"learn":[0.7296886288],"iteration":775,"passed_time":16.07340561,"remaining_time":4.639745948},
{"learn":[0.7296189332],"iteration":776,"passed_time":16.09314661,"remaining_time":4.61875379},
{"learn":[0.7294825259],"iteration":777,"passed_time":16.11194283,"remaining_time":4.597495255},
{"learn":[0.729216259],"iteration":778,"passed_time":16.13210304,"remaining_time":4.576630002},
{"learn":[0.728869163],"iteration":779,"passed_time":16.15270913,"remaining_time":4.555892319},
{"learn":[0.7284804508],"iteration":780,"passed_time":16.17504446,"remaining_time":4.535639867},
{"learn":[0.7280712479],"iteration":781,"passed_time":16.1985194,"remaining_time":4.515699781},
{"learn":[0.7277623444],"iteration":782,"passed_time":16.21870537,"remaining_time":4.494839164},
{"learn":[0.7272804485],"iteration":783,"passed_time":16.24282476,"remaining_time":4.475063964},
{"learn":[0.7269893819],"iteration":784,"passed_time":16.26372655,"remaining_time":4.454396445},
{"learn":[0.7268518787],"iteration":785,"passed_time":16.28288814,"remaining_time":4.433254531},
{"learn":[0.7265926073],"iteration":786,"passed_time":16.30131831,"remaining_time":4.411919695},
{"learn":[0.7264355772],"iteration":787,"passed_time":16.32038502,"remaining_time":4.390763481},
{"learn":[0.7262948015],"iteration":788,"passed_time":16.33943892,"remaining_time":4.369609142},
{"learn":[0.7260566426],"iteration":789,"passed_time":16.35822703,"remaining_time":4.348389464},
{"learn":[0.7258021638],"iteration":790,"passed_time":16.37924009,"remaining_time":4.327763817},
{"learn":[0.7256473851],"iteration":791,"passed_time":16.39574357,"remaining_time":4.305952856},
{"learn":[0.7253686155],"iteration":792,"passed_time":16.41751428,"remaining_time":4.285530208},
{"learn":[0.725153579],"iteration":793,"passed_time":16.43706513,"remaining_time":4.264528232},
{"learn":[0.7248174443],"iteration":794,"passed_time":16.45759838,"remaining_time":4.243783231},
{"learn":[0.7246236977],"iteration":795,"passed_time":16.47740121,"remaining_time":4.222851566},
{"learn":[0.7243866077],"iteration":796,"passed_time":16.49598315,"remaining_time":4.201611768},
{"learn":[0.7242153714],"iteration":797,"passed_time":16.51569285,"remaining_time":4.180664105},
{"learn":[0.7239880826],"iteration":798,"passed_time":16.53491259,"remaining_time":4.159596283},
{"learn":[0.7236944756],"iteration":799,"passed_time":16.55658536,"remaining_time":4.139146341},
{"learn":[0.7235874461],"iteration":800,"passed_time":16.57548298,"remaining_time":4.118003887},
{"learn":[0.723481318],"iteration":801,"passed_time":16.59282019,"remaining_time":4.096481793},
{"learn":[0.7233793586],"iteration":802,"passed_time":16.61130225,"remaining_time":4.075250988},
{"learn":[0.7231054629],"iteration":803,"passed_time":16.63234688,"remaining_time":4.054651726},
{"learn":[0.723057358],"iteration":804,"passed_time":16.65022114,"remaining_time":4.033283381},
{"learn":[0.7227895672],"iteration":805,"passed_time":16.66917881,"remaining_time":4.012184478},
{"learn":[0.7226085749],"iteration":806,"passed_time":16.68800238,"remaining_time":3.991058809},
{"learn":[0.722416778],"iteration":807,"passed_time":16.70669112,"remaining_time":3.969906802},
{"learn":[0.7222577918],"iteration":808,"passed_time":16.72759065,"remaining_time":3.949282835},
{"learn":[0.7221438289],"iteration":809,"passed_time":16.74746657,"remaining_time":3.928418085},
{"learn":[0.7218998142],"iteration":810,"passed_time":16.76597292,"remaining_time":3.907236599},
{"learn":[0.7216052375],"iteration":811,"passed_time":16.78798276,"remaining_time":3.886872856},
{"learn":[0.7214511211],"iteration":812,"passed_time":16.80719004,"remaining_time":3.865860441},
{"learn":[0.7213340714],"iteration":813,"passed_time":16.82556341,"remaining_time":3.844661909},
{"learn":[0.7211007751],"iteration":814,"passed_time":16.84377341,"remaining_time":3.823433228},
{"learn":[0.7209508087],"iteration":815,"passed_time":16.86201675,"remaining_time":3.802219464},
{"learn":[0.7208397253],"iteration":816,"passed_time":16.88128434,"remaining_time":3.781242393},
{"learn":[0.7205651998],"iteration":817,"passed_time":16.90118969,"remaining_time":3.760411398},
{"learn":[0.7202279303],"iteration":818,"passed_time":16.92120444,"remaining_time":3.739606842},
{"learn":[0.7200162526],"iteration":819,"passed_time":16.94143223,"remaining_time":3.718850976},
{"learn":[0.7198768002],"iteration":820,"passed_time":16.959891,"remaining_time":3.697710705},
{"learn":[0.7197322322],"iteration":821,"passed_time":16.97956827,"remaining_time":3.676840818},
{"learn":[0.7196439181],"iteration":822,"passed_time":16.99753042,"remaining_time":3.655604962},
{"learn":[0.7194501776],"iteration":823,"passed_time":17.01843818,"remaining_time":3.635006214},
{"learn":[0.7192866099],"iteration":824,"passed_time":17.04948588,"remaining_time":3.61655761},
{"learn":[0.7191347032],"iteration":825,"passed_time":17.06869206,"remaining_time":3.595584041},
{"learn":[0.718838327],"iteration":826,"passed_time":17.0899013,"remaining_time":3.575033766},
{"learn":[0.718584166],"iteration":827,"passed_time":17.10999194,"remaining_time":3.554249534},
{"learn":[0.7183485281],"iteration":828,"passed_time":17.13085986,"remaining_time":3.533627305},
{"learn":[0.7181312917],"iteration":829,"passed_time":17.1505241,"remaining_time":3.512757949},
{"learn":[0.7178471127],"iteration":830,"passed_time":17.1748133,"remaining_time":3.492832066},
{"learn":[0.7176428104],"iteration":831,"passed_time":17.19403674,"remaining_time":3.471872803},
{"learn":[0.7174191099],"iteration":832,"passed_time":17.21395951,"remaining_time":3.451057908},
{"learn":[0.7171475278],"iteration":833,"passed_time":17.23538735,"remaining_time":3.430544724},
{"learn":[0.716698844],"iteration":834,"passed_time":17.25740211,"remaining_time":3.410145328},
{"learn":[0.7165751572],"iteration":835,"passed_time":17.27554307,"remaining_time":3.388982134},
{"learn":[0.716272173],"iteration":836,"passed_time":17.29740474,"remaining_time":3.368550745},
{"learn":[0.7160908015],"iteration":837,"passed_time":17.31747213,"remaining_time":3.347769076},
{"learn":[0.7159402769],"iteration":838,"passed_time":17.33499349,"remaining_time":3.326500539},
{"learn":[0.7157791927],"iteration":839,"passed_time":17.35353577,"remaining_time":3.305435386},
{"learn":[0.715696906],"iteration":840,"passed_time":17.37267641,"remaining_time":3.284489357},
{"learn":[0.7155331223],"iteration":841,"passed_time":17.39007561,"remaining_time":3.26322084},
{"learn":[0.7153342241],"iteration":842,"passed_time":17.40682453,"remaining_time":3.241840392},
{"learn":[0.7150218593],"iteration":843,"passed_time":17.4262149,"remaining_time":3.220959153},
{"learn":[0.7148317608],"iteration":844,"passed_time":17.44434133,"remaining_time":3.199849593},
{"learn":[0.7143469066],"iteration":845,"passed_time":17.46790932,"remaining_time":3.179737631},
{"learn":[0.7141544927],"iteration":846,"passed_time":17.48663139,"remaining_time":3.158742152},
{"learn":[0.7138739837],"iteration":847,"passed_time":17.50583193,"remaining_time":3.137837799},
{"learn":[0.7135692325],"iteration":848,"passed_time":17.52528076,"remaining_time":3.11698162},
{"learn":[0.7133633977],"iteration":849,"passed_time":17.54521272,"remaining_time":3.09621401},
{"learn":[0.7131376],"iteration":850,"passed_time":17.56810105,"remaining_time":3.075965989},
{"learn":[0.712745106],"iteration":851,"passed_time":17.59271042,"remaining_time":3.056010731},
{"learn":[0.7125043542],"iteration":852,"passed_time":17.6129088,"remaining_time":3.0352844},
{"learn":[0.7122654367],"iteration":853,"passed_time":17.63302314,"remaining_time":3.014544939},
{"learn":[0.7121506212],"iteration":854,"passed_time":17.65126714,"remaining_time":2.993489749},
{"learn":[0.7120638685],"iteration":855,"passed_time":17.67130886,"remaining_time":2.972743546},
{"learn":[0.7118821622],"iteration":856,"passed_time":17.68991766,"remaining_time":2.95175989},
{"learn":[0.7117046919],"iteration":857,"passed_time":17.70885356,"remaining_time":2.930835903},
{"learn":[0.7115302342],"iteration":858,"passed_time":17.72707521,"remaining_time":2.909799307},
{"learn":[0.7112876211],"iteration":859,"passed_time":17.74756188,"remaining_time":2.889137981},
{"learn":[0.7110567753],"iteration":860,"passed_time":17.76874135,"remaining_time":2.868588906},
{"learn":[0.710915001],"iteration":861,"passed_time":17.78927352,"remaining_time":2.847934741},
{"learn":[0.7105723903],"iteration":862,"passed_time":17.81000072,"remaining_time":2.827311817},
{"learn":[0.7104001625],"iteration":863,"passed_time":17.83191975,"remaining_time":2.806876258},
{"learn":[0.7102501192],"iteration":864,"passed_time":17.85130623,"remaining_time":2.786042012},
{"learn":[0.7101037533],"iteration":865,"passed_time":17.87094928,"remaining_time":2.765250813},
{"learn":[0.709994258],"iteration":866,"passed_time":17.887862,"remaining_time":2.744043421},
{"learn":[0.7097019539],"iteration":867,"passed_time":17.90697955,"remaining_time":2.723181222},
{"learn":[0.7095428901],"iteration":868,"passed_time":17.92541146,"remaining_time":2.70221968},
{"learn":[0.7093907081],"iteration":869,"passed_time":17.94367218,"remaining_time":2.681238371},
{"learn":[0.709166642],"iteration":870,"passed_time":17.96295084,"remaining_time":2.660414073},
{"learn":[0.709048651],"iteration":871,"passed_time":17.98455516,"remaining_time":2.639934703},
{"learn":[0.7087729749],"iteration":872,"passed_time":18.00419342,"remaining_time":2.61916674},
{"learn":[0.7084926646],"iteration":873,"passed_time":18.02395392,"remaining_time":2.598418986},
{"learn":[0.7083648706],"iteration":874,"passed_time":18.05268386,"remaining_time":2.578954837},
{"learn":[0.7080739331],"iteration":875,"passed_time":18.07345276,"remaining_time":2.558342628},
{"learn":[0.7078892871],"iteration":876,"passed_time":18.09397079,"remaining_time":2.537694877},
{"learn":[0.7076311683],"iteration":877,"passed_time":18.11347619,"remaining_time":2.516906715},
{"learn":[0.7074253306],"iteration":878,"passed_time":18.1321958,"remaining_time":2.496013301},
{"learn":[0.7073200882],"iteration":879,"passed_time":18.15085407,"remaining_time":2.475116464},
{"learn":[0.7071565324],"iteration":880,"passed_time":18.17104816,"remaining_time":2.454432158},
{"learn":[0.7068855104],"iteration":881,"passed_time":18.19189766,"remaining_time":2.433836648},
{"learn":[0.7067852661],"iteration":882,"passed_time":18.21019463,"remaining_time":2.412902347},
{"learn":[0.706691613],"iteration":883,"passed_time":18.23021318,"remaining_time":2.39219992},
{"learn":[0.706598046],"iteration":884,"passed_time":18.24722514,"remaining_time":2.371108352},
{"learn":[0.706442068],"iteration":885,"passed_time":18.26705324,"remaining_time":2.35038834},
{"learn":[0.7063247179],"iteration":886,"passed_time":18.28517759,"remaining_time":2.32945329},
{"learn":[0.7061912932],"iteration":887,"passed_time":18.30499446,"remaining_time":2.30873804},
{"learn":[0.7058307459],"iteration":888,"passed_time":18.32474192,"remaining_time":2.288016145},
{"learn":[0.7057166448],"iteration":889,"passed_time":18.34507423,"remaining_time":2.267368725},
{"learn":[0.7053930708],"iteration":890,"passed_time":18.36705518,"remaining_time":2.246923698},
{"learn":[0.7051747752],"iteration":891,"passed_time":18.38764684,"remaining_time":2.226307016},
{"learn":[0.704943431],"iteration":892,"passed_time":18.40646065,"remaining_time":2.205477368},
{"learn":[0.7048129425],"iteration":893,"passed_time":18.42616513,"remaining_time":2.184757834},
{"learn":[0.704736402],"iteration":894,"passed_time":18.44428577,"remaining_time":2.163854755},
{"learn":[0.7044506676],"iteration":895,"passed_time":18.4650185,"remaining_time":2.143261076},
{"learn":[0.704150056],"iteration":896,"passed_time":18.4840153,"remaining_time":2.122467754},
{"learn":[0.703868976],"iteration":897,"passed_time":18.50372261,"remaining_time":2.101759139},
{"learn":[0.703617579],"iteration":898,"passed_time":18.5237225,"remaining_time":2.08108562},
{"learn":[0.7035057258],"iteration":899,"passed_time":18.54185635,"remaining_time":2.060206261},
{"learn":[0.7031668189],"iteration":900,"passed_time":18.56278938,"remaining_time":2.039640564},
{"learn":[0.7030882353],"iteration":901,"passed_time":18.57861694,"remaining_time":2.018519358},
{"learn":[0.7028777305],"iteration":902,"passed_time":18.59925132,"remaining_time":1.997926221},
{"learn":[0.7027148302],"iteration":903,"passed_time":18.61717566,"remaining_time":1.977045203},
{"learn":[0.7023745756],"iteration":904,"passed_time":18.64025214,"remaining_time":1.95671155},
{"learn":[0.7020945918],"iteration":905,"passed_time":18.66208125,"remaining_time":1.936242425},
{"learn":[0.7020081063],"iteration":906,"passed_time":18.68160189,"remaining_time":1.915533601},
{"learn":[0.7018177332],"iteration":907,"passed_time":18.70058974,"remaining_time":1.89477341},
{"learn":[0.7015582761],"iteration":908,"passed_time":18.72263663,"remaining_time":1.874323359},
{"learn":[0.7012952273],"iteration":909,"passed_time":18.74143214,"remaining_time":1.853548233},
{"learn":[0.7012234794],"iteration":910,"passed_time":18.75995638,"remaining_time":1.832750952},
{"learn":[0.7010771669],"iteration":911,"passed_time":18.77931629,"remaining_time":1.812039291},
{"learn":[0.7007628311],"iteration":912,"passed_time":18.80158183,"remaining_time":1.791607469},
{"learn":[0.7005832621],"iteration":913,"passed_time":18.82404959,"remaining_time":1.771190662},
{"learn":[0.7004418478],"iteration":914,"passed_time":18.84476561,"remaining_time":1.750606642},
{"learn":[0.7002360168],"iteration":915,"passed_time":18.86442088,"remaining_time":1.729925059},
{"learn":[0.7000527738],"iteration":916,"passed_time":18.88539505,"remaining_time":1.709365092},
{"learn":[0.6998423208],"iteration":917,"passed_time":18.90532671,"remaining_time":1.688711101},
{"learn":[0.6995063816],"iteration":918,"passed_time":18.92678462,"remaining_time":1.668193204},
{"learn":[0.6992524212],"iteration":919,"passed_time":18.94723512,"remaining_time":1.647585663},
{"learn":[0.6991092938],"iteration":920,"passed_time":18.96668858,"remaining_time":1.62689294},
{"learn":[0.6988934771],"iteration":921,"passed_time":18.98717054,"remaining_time":1.606289915},
{"learn":[0.6986476465],"iteration":922,"passed_time":19.0058837,"remaining_time":1.585539593},
{"learn":[0.6983866259],"iteration":923,"passed_time":19.02576334,"remaining_time":1.564889626},
{"learn":[0.6982748939],"iteration":924,"passed_time":19.04507558,"remaining_time":1.544195317},
{"learn":[0.6981491742],"iteration":925,"passed_time":19.07600607,"remaining_time":1.524432451},
{"learn":[0.6979917759],"iteration":926,"passed_time":19.09429929,"remaining_time":1.503650322},
{"learn":[0.6977890391],"iteration":927,"passed_time":19.11556934,"remaining_time":1.483104518},
{"learn":[0.697598005],"iteration":928,"passed_time":19.13682881,"remaining_time":1.462556346},
{"learn":[0.6973186683],"iteration":929,"passed_time":19.15705833,"remaining_time":1.441929122},
{"learn":[0.6971125937],"iteration":930,"passed_time":19.17564854,"remaining_time":1.421181256},
{"learn":[0.6969454301],"iteration":931,"passed_time":19.19314401,"remaining_time":1.400358147},
{"learn":[0.6966752996],"iteration":932,"passed_time":19.21322669,"remaining_time":1.379727961},
{"learn":[0.6964841779],"iteration":933,"passed_time":19.23409344,"remaining_time":1.359154354},
{"learn":[0.6963331442],"iteration":934,"passed_time":19.25167301,"remaining_time":1.338351599},
{"learn":[0.6960426539],"iteration":935,"passed_time":19.27150811,"remaining_time":1.317709956},
{"learn":[0.6959181913],"iteration":936,"passed_time":19.29128081,"remaining_time":1.297065839},
{"learn":[0.6956245989],"iteration":937,"passed_time":19.3119004,"remaining_time":1.276479557},
{"learn":[0.6953601242],"iteration":938,"passed_time":19.33206749,"remaining_time":1.255863809},
{"learn":[0.6952895765],"iteration":939,"passed_time":19.35063753,"remaining_time":1.235147076},
{"learn":[0.6950981697],"iteration":940,"passed_time":19.3682375,"remaining_time":1.214374084},
{"learn":[0.69490001],"iteration":941,"passed_time":19.38716113,"remaining_time":1.193689326},
{"learn":[0.694772089],"iteration":942,"passed_time":19.40475003,"remaining_time":1.172927627},
{"learn":[0.6942316292],"iteration":943,"passed_time":19.42680194,"remaining_time":1.152437403},
{"learn":[0.6940402668],"iteration":944,"passed_time":19.44493355,"remaining_time":1.131715709},
{"learn":[0.6937594994],"iteration":945,"passed_time":19.46650412,"remaining_time":1.111195796},
{"learn":[0.6935100578],"iteration":946,"passed_time":19.48588353,"remaining_time":1.090551032},
{"learn":[0.6933710212],"iteration":947,"passed_time":19.50450743,"remaining_time":1.069867496},
{"learn":[0.6929179213],"iteration":948,"passed_time":19.52701988,"remaining_time":1.049397275},
{"learn":[0.6926983581],"iteration":949,"passed_time":19.54627277,"remaining_time":1.028751198},
{"learn":[0.692440768],"iteration":950,"passed_time":19.5650092,"remaining_time":1.008081441},
{"learn":[0.6922806581],"iteration":951,"passed_time":19.58411916,"remaining_time":0.9874345793},
{"learn":[0.6920552569],"iteration":952,"passed_time":19.60431929,"remaining_time":0.966844708},
{"learn":[0.6918005899],"iteration":953,"passed_time":19.6248763,"remaining_time":0.9462728614},
{"learn":[0.6916731501],"iteration":954,"passed_time":19.64333256,"remaining_time":0.9256020577},
{"learn":[0.6915739519],"iteration":955,"passed_time":19.66151925,"remaining_time":0.9049234801},
{"learn":[0.6912601376],"iteration":956,"passed_time":19.68194773,"remaining_time":0.8843508385},
{"learn":[0.6911429461],"iteration":957,"passed_time":19.69997839,"remaining_time":0.863673374},
{"learn":[0.6909751944],"iteration":958,"passed_time":19.71959037,"remaining_time":0.8430690355},
{"learn":[0.6905397755],"iteration":959,"passed_time":19.74177605,"remaining_time":0.822574002},
{"learn":[0.6903944794],"iteration":960,"passed_time":19.76254011,"remaining_time":0.8020177569},
{"learn":[0.6902778588],"iteration":961,"passed_time":19.77877539,"remaining_time":0.7812821879},
{"learn":[0.690016303],"iteration":962,"passed_time":19.79958677,"remaining_time":0.7607317866},
{"learn":[0.6898030545],"iteration":963,"passed_time":19.81890257,"remaining_time":0.7401249923},
{"learn":[0.6895839579],"iteration":964,"passed_time":19.83900238,"remaining_time":0.7195493092},
{"learn":[0.6894334635],"iteration":965,"passed_time":19.85804699,"remaining_time":0.6989374716},
{"learn":[0.6892737203],"iteration":966,"passed_time":19.87931073,"remaining_time":0.678404606},
{"learn":[0.6889053824],"iteration":967,"passed_time":19.90248861,"remaining_time":0.6579335077},
{"learn":[0.6887731228],"iteration":968,"passed_time":19.9210809,"remaining_time":0.6373101216},
{"learn":[0.6885291407],"iteration":969,"passed_time":19.94236799,"remaining_time":0.6167742678},
{"learn":[0.6883776889],"iteration":970,"passed_time":19.96023968,"remaining_time":0.5961348617},
{"learn":[0.6881306078],"iteration":971,"passed_time":19.98011534,"remaining_time":0.5755588781},
{"learn":[0.6878235345],"iteration":972,"passed_time":19.99913026,"remaining_time":0.5549604491},
{"learn":[0.6874990064],"iteration":973,"passed_time":20.01955844,"remaining_time":0.5344029973},
{"learn":[0.6873938694],"iteration":974,"passed_time":20.03764788,"remaining_time":0.513785843},
{"learn":[0.6871960198],"iteration":975,"passed_time":20.05645923,"remaining_time":0.4931916205},
{"learn":[0.6869472856],"iteration":976,"passed_time":20.08506513,"remaining_time":0.4728316253},
{"learn":[0.6867958077],"iteration":977,"passed_time":20.1043287,"remaining_time":0.4522446128},
{"learn":[0.6866832318],"iteration":978,"passed_time":20.12212541,"remaining_time":0.4316288392},
{"learn":[0.6865197113],"iteration":979,"passed_time":20.14007054,"remaining_time":0.4110218477},
{"learn":[0.6863364635],"iteration":980,"passed_time":20.15990756,"remaining_time":0.3904569253},
{"learn":[0.6860816419],"iteration":981,"passed_time":20.18068566,"remaining_time":0.3699107351},
{"learn":[0.685838625],"iteration":982,"passed_time":20.20221119,"remaining_time":0.3493769993},
{"learn":[0.6856259533],"iteration":983,"passed_time":20.22411955,"remaining_time":0.3288474724},
{"learn":[0.6854048718],"iteration":984,"passed_time":20.24436967,"remaining_time":0.3082898935},
{"learn":[0.6851532483],"iteration":985,"passed_time":20.26648655,"remaining_time":0.2877594439},
{"learn":[0.6850731633],"iteration":986,"passed_time":20.28359778,"remaining_time":0.2671598492},
{"learn":[0.6849957751],"iteration":987,"passed_time":20.30158318,"remaining_time":0.2465779333},
{"learn":[0.6847915723],"iteration":988,"passed_time":20.32280778,"remaining_time":0.2260372959},
{"learn":[0.6845977665],"iteration":989,"passed_time":20.34130262,"remaining_time":0.2054677032},
{"learn":[0.6844162668],"iteration":990,"passed_time":20.36157245,"remaining_time":0.1849184178},
{"learn":[0.6843699353],"iteration":991,"passed_time":20.37949935,"remaining_time":0.1643508012},
{"learn":[0.6841177919],"iteration":992,"passed_time":20.40236172,"remaining_time":0.1438232951},
{"learn":[0.6838403496],"iteration":993,"passed_time":20.4226212,"remaining_time":0.1232753795},
{"learn":[0.6836685131],"iteration":994,"passed_time":20.44266093,"remaining_time":0.1027269393},
{"learn":[0.6833893306],"iteration":995,"passed_time":20.46382624,"remaining_time":0.08218404112},
{"learn":[0.6831520654],"iteration":996,"passed_time":20.48528604,"remaining_time":0.06164078046},
{"learn":[0.6829775239],"iteration":997,"passed_time":20.50618614,"remaining_time":0.0410945614},
{"learn":[0.6826914889],"iteration":998,"passed_time":20.52638039,"remaining_time":0.02054692732},
{"learn":[0.6822245821],"iteration":999,"passed_time":20.54829802,"remaining_time":0}
]}